nom_produit,ancien_prix,nouveau_prix
UBIQUITI AIRFIBER AF-5XHD ACCESS POINT WIFI,200000,300000
D-LINK Access Point WiFi DAP-1360 / Extender,20000,16000
TP-LINK EAP225-OUTDOOR,65000,85000
TP-LINK RE355,45000,35000
TP-LINK TL-WA801ND,30000,16000
UBIQUITI UNIFI UAP-AC-M-PRO ACCESS POINT WIFI,150000,
Ubiquiti Unifi U6-LR Point d'accès intérieur Wi-Fi 6 Dual Band AX3000,165000,135000
WMARK DENT TONDEUSE BLADE T-3,2500,2000
GIGA 360 1D BARCODE SCANNER USB BC3300,25000,
DELL SOURIS SANS FIL /MOUSE WIRELESS WM123,2000,
CASQUE SAMSUNG LEVEL ACTIVE EO-PN930CB,5000,
HANDBOSS FOAM 530 CLEANER CLEANING AGENT 550ML MOUSSE NETTOY FH-HB036,1000,
LOGITECH CASQUE H110,8000,7500
LOGITECH CASQUE H111,8000,7500
LAVAGE ORDINATEUR 3IN1 / CLEANSER FOR APPLE,750,
LENOVO SOURIS SANS FIL N100,1800,
CLE LEXAR S50 32GB,800,
LOGITECH SOURIS SANS FIL M235,2000,
SONY CASQUE ORDINATEUR PM MDR-E370MV,1800,
SONY CASQUE ORDINATEUR PM MDR-E664MV,1500,
SONY CASQUE ORDINATEUR GM MDR-E666MV,1800,
SONY CASQUE ORDINATEUR GM MDR-E669MV,1500,
SONY CASQUE ORDINATEUR MDR-XB990BT / MDR-XB220BT / A85 / XB800BT,5000,
MERCURY SOURIS AVEC FIL MX 1200/MX 1500 + PORT USB,1500,
SWITCH POE 16F+2G+1S PORT / EL1319P-1SEB / 16 PORT POE,50000,
PROTECTION PACK FOR MACBOOK 12/MON TOUCH BAR 13,5000,
LECTEUR EXTERNE DVD WRITER USB2.0 LG ULTRA SLIM PORTABLE,15000,
CLAVIER + SOURIS SANS FIL TJ-808 / TJ-803,4000,
CLAVIER AVEC FIL USB TJ-818 BLACK ANTELOPE KEYBOARD,1600,
LECTEUR CARTE TRANSCEND RDF8 / ALL IN 1 + CF / USB3.1 GEN 1,12000,
CLAVIER SANS FIL FRANCAIS WB-8022/ BK-3001/ BK-3002 BLANC/ WIRELESS,5000,
LO MASTER TROUSSEAU A OUTILS RS-TR105,0,17500
MANETTE USB ORIGINAL GP-05 USB,3000,
CHARGE KIT / CHARGEUR MANETTE XBOX ONE  HQ,5000,
CONVERTISSEUR PS2 TO USB,1000,
CHARGEUR PSP GO / AC ADAPTOT PSP-N1000,1500,
WIRELESS 5.0 TOUCH ENABLED CONTROL ART-Q8 / CASQUE,4000,
CASQUE MP3+BLUETOOTH BE20BT YWZ,6000,
CASQUE MP3+BLUETOOTH BE30BT YWZ,6000,
CASQUE ORDINATEUR HP H320,15000,
OREILLETTE BLUETOOTH IPHONE 7,2000,
HEADPHONE STEREO CASQUE MP3 + BT 473 WIRELESS,5000,
CASQUE MP3 SIMPLE  8001+,2500,
CASQUE BLUETOOTH SONY WIRELESS K1/K2,4000,
CASQUE MP3+BT KD-28 /KD-26 / KD-24/ ST-10 / V33 / V32 / ST-16 / ST-30,5000,
CASQUE MP3+BT GN-X10,5000,
CASQUE MP3+BT GN-X4/ GN-X5/ GN-X6/GN-X9,4000,
CASQUE BT SANS FIL AY-001/ SM-002/ SN-003,3500,
CASQUE Q1/YE-822/YE-821,5000,
CASQUE BLUETOOTH TIME WELL SQ22,2500,
CABLE IPHONE X,500,
CHARGEUR TELEPHONE 2USB  / 1USB EKA-Q51,1000,
FINEBLUE OREILLETTE BLUETOOTH F1 / F2 PRO,5000,
FINEBLUE OREILLETTE BLUETOOTH F208 DOUBLE / DUO,7000,
F510,6000,
FINEBLUE OREILLETTE BLUETOOTH F-515,2000,
FINEBLUE OREILLETTE BLUETOOTH F-516,3500,
OREILLETTE BLUETOOTH F600 / HOMME AVEC LUNETTE VERT NOIR,6000,
FINEBLUE BLUETOOTH F920/ F910,5500,
FINEBLUE OREILLETTE BLUETOOTH F-970,5000,
FINEBLUE OREILLETTE BLUETOOTH F-980,5000,
FINEBLUE OREILLETTE BLUETOOTH F-986,7500,
FINEBLUE BLUETOOTH CASQUE FA-80,4000,
FINEBLUE OREILLETTE BLUETOOTH FA90,5000,
FINEBLUE TRUE WIRELESS HEADSET FBLUE XS,10000,
OREILLETTE BLUETOOTH FD-600,7000,
FINEBLUE POWER BANK D90,6500,
FINEBLUE CHARGEUR AUTO FRS-7/FRS-8/FRS-9,1000,
FINEBLUE FT-9 /,5000,
FINEBLUE CHARGEUR AUTO F-UC09,1000,
FINEBLUE OREILLETTE BLUETOOTH FV6,5000,
CASQUE FINEBLUE FX-6/ FX-1/ FX-2,3000,
FINEBLUE OREILLETTE BLUETOOTH J10,8000,
FINEBLUE OREILLETTE BLUETOOTH F MAX /,7000,
FINEBLUE OREILLETTE BLUETOOTH MT-2,7500,
FINEBLUE OREILLETTE BLUETOOTH F-V3,6000,
FINEBLUE OREILLETTE BLUETOOTH W688,7500,
FINEBLUE OREILLETTE BLUETOOTH Xs MAX,14000,
BLUETOOTH HEADSET FIRD A2,15000,
FLC8,10000,
OREILLETTE BLUETOOTH FINEBLUE F-PLUS / CLIP-ON,6000,
CHARGEUR TELEPHONE FINEBLUE FR 60,6500,
POWER BANK TELEPHONE FINEBLUE FR90,6500,
OREILLETTE BLUETOOTH DOOLIKE FX-50,0,
FINEBLUE OREILLETTE BLUETOOTH X9PLUS,15000,
GEAR ICONX SMART150,22500,
HAINOTEKO MONTRE SMART WATCH H44,12500,
CHARGEUR SAMSUNG C9 / CP VRAGUE SACHET,500,
ECOUTEUR CORDE HF-047 BLANC,600,
ECOUTEUR NEW CORDE 5G SACHET DORE,300,
FINEBLUE OREILLETTE BLUETOOTH HF-68,4500,
FINEBLUE OREILLETTE BLUETOOTH HF-88/ HF-66,3000,
ECOUTEUR SAMSUNG  AKG/S8 / S10 GLASS PACKING NOIR/ BLANC EO-IG955,800,
ECOUTEUR NEW BLUE SPECTRUM / HF BS / VRAGUE LONG 5G / NOIR / BLANC,500,
ECOUTEUR NEW BLUE SPECTRUM  / HF BS-09 / COULEUR MIX,500,
ECOUTEUR NEW BLUE SPECTRUM BOITE/ HF BS-22 STEREO SOUND WITH PACKING,600,
ECOUTEUR NEW BLUE SPECTRUM / HF BS COPY / VRAGUE LONG 5G 2EME QUALITY,500,
ECOUTEUR NEW BLUE SPECTRUM  / HF BS-I7 / OR-I7 /,6000,
ECOUTEUR NEW BLUE SPECTRUM  / HF BS-I7BT /,1500,
ECOUTEUR NEW BLUE SPECTRUM BOITE/ HF D-46 STEREO SOUND WITH PACKING,600,
APPLE ECOUTEUR IPHONE 6 COPY/ WHITE WITH BOX,600,
ECOUTEUR IPHONE 7/8/X/XS/XR POP-UP WINDOW,1200,
ECOUTEUR NEW CORDE 5G HF-MP3 WHITE/BLACK/,300,
ECOUTEUR NEW PRO I5 / BECTEL,500,
ECOUTEUR NEW BLUE  / HF R9 / BLUE SPECTRUM /,600,
ECOUTEUR SAMSUNG ORIGINAL S10,5000,
SAMSUNG ECOUTEUR DUOS BOITE BLANCHE S5830 / YJ ORIGINAL,400,
SAMSUNG ECOUTEUR DUOS NOIR S5830 / YJ COPY,250,
ECOUTEUR SAMSUNG S7 ORIGINAL / RYBH8 / BOITE NOIRE,1500,
ECOUTEUR SAMSUNG  AKG/S10,700,
ECOUTEUR SAMSUNG  W20 COLOR TETE GOLD,600,
HM103,6000,
BLUETOOTH HEADSET i001/i002,2500,
IBONWE ECOUTEUR MODEL I6,700,
ECOUTEUR IPHONE 7 AA/ BOITE BLANCHE FLECHE ORANGE,2000,
ECOUTEUR IPHONE 5G MIX/ NOIR / I8X /,500,
IG935,700,
HEADSET WIRELESS BLUETOOTH I MAX,3500,
CASQUE BLUETOOTH IPHONE COPY AIPORD / INPODS 12,4000,
FINEBLUE OREILLETTE BLUETOOTH I-X9,7500,
ECOUTEUR BLUETOOTH SAMSUNG J37/ INFINI J38,3500,
ECOUTEUR NEW CORDE KM-32B COULEUR MIX,350,
LETANG BLUETOOTH 4.1 WIRELESS LT-LY-06,1800,
CASQUE MP3 LS-03A / LS-03B,3500,
CASQUE MP3 LS-08A,3500,
CASQUE MP3 LS-09A,3000,
ECOUTEUR NEW CORDE LX-033 COULEUR MIX / PACKET JAUNE,450,
ECOUTEUR NEW CORDE LX-10/ LX-11 BLANC,600,
ECOUTEUR NEW CORDE LX-2 COULEUR NOIR ET BLANC,600,
ECOUTEUR NEW CORDE LX-20,500,
ECOUTEUR NEW CORDE LX-22,450,
ECOUTEUR NEW CORDE LX-25 COULEUR MIX,600,
ECOUTEUR NEW CORDE LX-26 COULEUR MIX /OKMAX / TAKARA,600,
ECOUTEUR NEW CORDE LX-72 COULEUR MIX,600,
ECOUTEUR NEW CORDE LX-82 COULEUR MIX,500,
FINEBLUE CASQUE MATE 7,5000,
FINEBLUE CASQUE MATE 7 MINI,5000,
FINEBLUE CASQUE MATE 9/ MATE 10,5000,
FINEBLUE CASQUE MATE 9S,5000,
MERCURY CASQUE BLUETOOTH MBT 230S,4000,
CASQUE MDRE XB650BT / XB550BT / XB450BT,4500,
BLUETOOTH MINI A8,4500,
SONY ECOUTEUR BLUETOOTH MS-707,2000,
NOKIA BATTERIE TELEPHONE 4C 500PCS,300,
NOKIA BATTERIE TELEPHONE 5CA NORMAL 200PCS,500,
NOKIA BATTERIE TELEPHONE 5CA 2EME 500PCS,300,
CASQUE BLUETOOTH WIRELESS NECKLACE HEADSET NT-S30,6500,
IBONWE ECOUTEUR MODEL P13,800,
IBONWE ECOUTEUR MODEL P15,1000,
IBONWE ECOUTEUR MODEL P16,1000,
FINEBLUE OREILLETTE BLUETOOTH P-20,7500,
POWER BANK FAST CHARGE 10000MAH / PS101,5000,
QCY BLUETOOTH OREILLETTE QCY-A1/ QCY-A3/ QCY-MINI 2,4000,
QCY BLUETOOTH OREILLETTE QCY-MINI 1,6000,
QCY BLUETOOTH OREILLETTE QCY-MINI 2,4000,
QCY BLUETOOTH OREILLETTE QCY-Q25,5000,
OREILLETTE BLUETOOTH QCY-Q30/QCY11/QCYA1,7000,
QCY BLUETOOTH OREILLETTE QCY-STEREO QCY-T2C,12500,
QY8 BT,4000,
ECOUTEUR ONDULER RAW RAW/RAW IPHONE,500,
FINEBLUE OREILLETE BLUETOOTH TWS-R10,15000,
FINEBLUE OREILLETE BLUETOOTH RWS-X8,12500,
FIRD BLUETOOTH HEADSET S01 FIRO,7500,
CASQUE MP3 + BT  S-05 /XK-S05,2500,
SAMSUNG BATTERIE TELEPHONE E250 2EME 500PCS,300,
SAMSUNG BATTERIE TELEPHONE J1 ACE 200PCS,1000,
SAMSUNG BATTERIE TELEPHONE J5 200PCS,1000,
SAMSUNG BATTERIE TELEPHONE J7 200PCS,1000,
SAMSUNG LEVEL U ORIGINAL / JBL V8,6000,
SAMSUNG BLUETOOTH LEVEL U PRO,12500,
SAMSUNG BATTERIE TELEPHONE NOTE 4 200PCS,1500,
CASQUE SAMSUNG BLUETOOTH  UFLEX / U-FLEX,7500,
CASQUE CAMING HEADPHONE FOR P4 SEZ-MP408A,6000,
CASQUE SONIC SOUND E220/ E299/ E91A/ E322B/ E208,1900,
CASQUE BLUETOOTH STREET BY 50,0,
ECOUTEUR SX526 OLD MODEL,300,
ECOUTEURS FERRARI T150 I,0,
FINEBLUE OREILLETTE BLUETOOTH UK-880,6000,
FINEBLUE OREILLETTE BLUETOOTH UK-890 CLIP-ON,5000,
CASQUE MP3+BT VK-89 / VK89 /,3500,
ECOUTEUR BLUETOOTH X19C CSR 4.1,7500,
CASQUE BLUETOOTH X-3 / E4,7000,
OREILLETTE BLUETOOTH YL6S / 180° Rotating HEADPHONE,6000,
SONY CASQUE MP3 + BLUETOOTH  YX-22    /  WIRELESS,4500,
OREILLETTE BLUETOOTH YYK-520,7000,
OREILLETTE BLUETOOTH VG-02 / DK02 NEW CONCEPT BONE,3000,
Sony Manette PS5 Original,50000,
C,0,
"VILTROX LCD MONITEUR DC-50 5""",70000,
FEIYU TECH VLOG POCKET 2 STABILISATEUR POUR TELEPHONE,60000,
Apple AIRPOD 2 Blanc ORIGINAL,90000,85000
KIT AIRPOD+WATCH 8/ X6 PRO MAX MONTRE SMART,0,18000
KIT AIRPOD+WATCH 8/ TW1000 MONTRE SMART,0,20000
KIT AIRPOD+WATCH / X8 / X10 UNIQUE COMBINAT MONTRE SMART,0,18000
Apple AirPod 3 (CCXYY42Y0P),130000,
CASQUE BLUETOOTH IPHONE AIRPOD PRO 11,5000,
HAINOTEKO AIRPOD ROUND-1MINI,9000,
HAINOTEKO AIRPOD ROUND-2,10000,
HAINOTEKO AIRPOD SOAP TWS ORIGINAL,9000,
CASQUE BLUETOOTH IPHONE AIRPOD PRO 6,4000,
CASQUE BLUETOOTH IPHONE AIRPOD2 / RS-AP2,0,3500
BOKALI RALLONGE 3 POWER SOCKET BKL-02 4USB,4500,
BOKALI RALLONGE 3 POWER SOCKET BKL-04 5USB,5000,
RALLONGE 3USB BTY-M532,4000,
EAGLE AMPLI EG-808BT MP3,9500,
FINEBLUE RALLONGE F-I600,6000,
AMPLI PROFESSIONNEL STEREO MIX KA-99999A,50000,
UKC-REGULATEUR SOLAIRE LD-510A 10A,5000,
UKC-REGULATEUR SOLAR LD-540A 40A,8000,
LDNIO RALLONGE 3USB SC-3301,5500,
LDNIO RALLONGE 6USB SC-3604,5500,
LDNIO RALLONGE 4USB SE-4432/SE-4432,5500,
LDNIO RALLONGE 6USB SE-3631,5500,
LDNIO RALLONGE 4USB SE-6403,6000,
AIRSTAR REGULATEUR DE TENSION  ST-1000VA,13000,
AIRSTAR REGULATEUR DE TENSION ST-2000VA,20000,
STAR TRACK PARABOLE / BOLE 65CM,3500,
JIEPAK BAFFLE JP-K12 +MICRO,32500,
ZQS4209 / ZQS-4210 / ZQS-4210S  WIRELESS SPEAKER,8000,7000
ZQS8201 BT SPEAKER,22500,20000
ZQS8210 WIRELESS SPEAKER avec Micro,27500,
ZQS8132 WIRELESS SPEAKER,7500,
ZQS8118 WIRELESS SPEAKER,17500,
ZQS8133 WIRELESS SPEAKER,9000,
ZQS8128 WIRELESS SPEAKER,14000,
ZQS8211 WIRELESS SPEAKER,20000,
ZQS4239 BT SPEAKER,11000,
ZQS1455 BT SPEAKER,0,3500
ZQS1456 BT SPEAKER,0,
ZQS4253 BT SPEAKER,0,8000
ZQS4259 BT SPEAKER,0,5500
ZQS8222 BT SPEAKER,0,42500
ZQS8223 BT SPEAKER,0,42500
BLUETOOTH BAFFLE WOOFER 18-9116BT,2500,
BAFLE ORDINATEUR SPEAKER FT-2031USB,3000,
KEDIBO SPEAKER WOOFER 3017,30000,
SPEAKER BLUETOOTH MP3 +FM  A1161,2250,
SPEAKER BLUETOOTH MP3 A2,2250,
BAFLE ORDINATEUR HOTMAI SPEAKER A555LED,3000,
SPEAKER BAFLE A6,15000,
SPEAKER BLUETOOTH MP3 +FM  A72,2500,
SPEAKER BLUETOOTH MP3 +FM  A90,2000,
SPEAKER BAFFLE BLUETOOTH ALP-1202 / 1500W PMPO,22500,
AVCROWNS BAFLE BT+MP3 TROLLEY + MIC AVC-K15,42500,
SPEAKER BLUETOOTH MP3 B126,3500,
BAFLE MUTIMEDIA SPEAKER USB+BLUETOOTH B310,7500,
SPEAKER TROLLEY 2200 MP3+BT+MIC / 2100,45000,
HOME THEATRE /SPEAKER 5.1 LONG 9900,50000,
BAFFLE 281/2810 / NEW BAFFLE MIX,13500,
SPEAKER BAFLE +BLUETOOTH BC-F20,30000,
SPEAKER BAFLE +BLUETOOTH BC-Y12,45000,
BAFLE SPEAKER +MP3+BT BK-1088BT,35000,
SPEAKER BLUETOOTH MP3 +FM  BS-201,4000,
BLISS BS-2423 RADIO BLUETOOTH,8000,
SPEAKER SELECT SOUND MP3+MIC+ BT-1108 / BT1208,12000,
TROLLEY MP3+BT SPEAKER BAFLE BT-12 / W-D12 /,30000,
EOLUTION MP3+BT SPEAKER BAFLE BT-12+ /,32500,
EOLUTION MP3+BT SPEAKER BAFLE BT-15 /,45000,
ZQS BT-1776 BT SPEAKER,17000,
BT-1803/ ZQS-1803 BT SPEAKER,7000,
BT BAFLE SPEAKER BT1819 / ZQS1819/ZQS1820 /,14500,
ZQS BAFLE SPEAKER BT-1860/ ZQS-1860,10000,
BAFFLE CA230S,6000,
SUPER MAX WOOFER CA62/CA63,10000,
AVCROWNS BAFLE BT+MP3 TROLLEY + MIC CH-1012,25000,
AVCROWNS BAFLE BT+MP3 TROLLEY + MIC CH-1026,75000,
AVCROWNS BAFLE BT+MP3 TROLLEY + MIC CH-126,75000,
AVCROWNS BAFLE BT+MP3 TROLLEY + MIC CH-200A,80000,
BAFFLE CH303,3000,
BAFFLE CH303C,3000,
SPEAKER BLUETOOTH MP3 +FM  CH-30A,1500,
SPEAKER BAFLE +BLUETOOTH CH6220,75000,
AVCROWNS BAFLE BT+MP3 TROLLEY + MIC CH-802,10000,
TWS BAFLE BT+MP3 TROLLEY + MIC CH-810,10000,
TWS BAFLE BT+MP3 TROLLEY + MIC CH-812 / CH-811 /,10000,
AVCROWNS BAFLE BT+MP3 TROLLEY + MIC CH-8-1W,25000,
AVCROWNS BAFLE BT+MP3 TROLLEY + MIC CH-8802 / CH-8803,17500,
WIRELESS SPEACKER BAFFLE BLUETOOTH CHARGE MINI 3+,2000,
SPEAKER BLUETOOTH MP3 +FM  CHM07A,7500,
SPEAKER BLUETOOTH CHM09A,7000,
SPEAKER BLUETOOTH CHM09B,9000,
SPEAKER BLUETOOTH MP3 +FM  CHM12/CHM11,9000,
SPEAKER BAFFLE BLUETOOTH CH-M33,7500,
SPEAKER BAFFLE BLUETOOTH CH-M40,10000,
SPEAKER BLUETOOTH RADIO MP3 CH-M41 / CH-M09A,3500,
HI-FI BAFLE SPEAKER BT+MP3 TROLLEY + MIC CH-T85,12000,
HI-FI BAFLE SPEAKER BLUETOOTH CH-V4202 / CH-V4201,7500,
HOME CINEMA LG CM-5660,170000,
COV BAFLE SPEAKER +MP3+BT  CV-360 S,20000,
C&Y WOOFER 3.1 CY-A631,27000,
C&Y BAFLE WOOFER 3.1 A68 /A66,20000,
C&Y WOOFER 3.1 CY-A75,20000,
C&Y WOOFER 3.1 CY-A93,20000,
C&Y WOOFER 3.1 CY-A95,20000,
BAFLE ORDINATEUR WOODEN SPEAKER D-09/D-092,2500,
BAFFLE ORDINATEUR SPEAKER D10,2000,
"W-604 BAFFLE DG-1052/DG-1053 /DG-1051+ MICRO/ BIG SOUND 6.5""",6500,
"W-604 BAFFLE DG-1052 / DG-1053 /DG-1051 / BIG SOUND 6.5""",6250,
MINI CHAINE LG DH-4530,110000,
SPEAKER BAFLE +BLUETOOTH DJ010,50000,
SPEAKER BLUETOOTH DJ1503,21000,
BAFFLE DJ210B,55000,
BAFFLE SPEAKER PAIR DJ-2813 / 2808,100000,
SPEAKER BLUETOOTH DJ403,21000,
BAFFLE HOME CINEMA DJACK DJ-5L,65000,
SPEAKER BLUETOOTHDJ602,27000,
QSONIC SPAEKER WOOFER 3.1 DJ-6335,19000,
QSONIC SPAEKER WOOFER 3.1 DJ-6350 / DJ-6351 AC/DC,20000,
SPEAKER BLUETOOTH DJE3,21000,
SPEAKER BAFLE +BLUETOOTH DK10,50000,
BAFFLE SPEAKER PAIR DK-210 / 210A,100000,
NEWSTAR BAFLE WOOFER 5.1 DM-3708BT,50000,
XCL SPEAKER DM-5026,30000,
SPEAKER BAFLE +BLUETOOTH DM5360 LG,90000,
TROLLEY BAFFLE SPEAKER BLUETOOTH DM-DJI12,85000,
"PORTABLE SPEAKER BAFFLE 12"" DS-1203 / POWER 2000W",22500,
SPEAKER BLUETOOTH MP3 DV-08,2750,
SPEAKER BLUETOOTH CHARGE-23 / E23,3500,
SPEAKER BLUETOOTH E23/ L2 / LONGUE,3750,
E-LEGEND BAFFLE BLUETOOTH WOOFER 2.1 FASTER E50W,27500,
SPEAKER BLUETOOTH SPORT MUSIC E816,4250,
FEIYIPU BAFLE SPEAKER ES-2801,30000,
BAFFLE F30DT AC/DC+ BT,12000,
BAFFLE F320DC,12000,
SPEAKER BAFLE +BLUETOOTH F90A,110000,
FAWS SPEAKER PARTY RECHARGEABLE FAWS-SJ2601,22500,
BIG BASS BAFFLE BLUETOOTH SPEAKER FD-3/FD-2,2000,
FUHAO SPEAKER FH-A12 +BT,30000,
FUHAO BAFFLE WOOFER FHB-15,60000,
BAFLE ORDINATEUR 2IN1 FT-108 / FT-102 / FT-101,2500,
SPEAKER BLUETOOTH WIRELESS GIBOX G006/ G007,3000,
SPEAKER BLUETOOTH WIRELESS GIBOX G008,4250,
BAFFLE GL9163,11000,
GOLDYIP BAFFLE BLUETOOTH GL-9164,11000,
SPEAKER BAFLE +BLUETOOTH GM10 GMT10,55000,
BAFFLE BAFFLE GY990BT,25000,
SPEAKER BLUETOOTH WIRELESS H6,4000,
SPEAKER BAFLE +BLUETOOTH H919/H909,75000,
AILIANG LIGE SPEAKER BT MP3 HB-1715/ UF-1716,30000,
SAMSOUND BAFLE WOOFER 2.1 LONG HD-872MBT,40000,
SPEAKER BLUETOOTH HDY028,2000,
BAFFLE ORDINATEUR HOTMAI SPEAKER HN-88 /,2000,
BAFLE ORDINATEUR D010 / M010,2500,
HERO SPEAKER BAFLE PAIRE +MP3 HR-15500,17500,
HERO SPEAKER BAFLE PAIRE +MP3 HR-17400BL,25000,
SPEAKER BLUETOOTH WIRELESS HS-211,3500,
HANSEN SPAEKER WOOFER 3.1 HS-Q5,19000,
BAFLE ORDINATEUR HOTMAI SPEAKER HT-09/HT-09A,2500,
BAFFLE ORDINATEUR MIRACLE POWER SPEAKER+BT HT-100,10000,
BAFLE ORDINATEUR HOTMAI SPEAKER HT-163,3000,
BAFFLE ORDINATEUR HOTMAI SPEAKER HT-165,2750,
BAFLE ORDINATEUR SPEAKER HT-207,2000,
BAFFLE ORDINATEUR HOTMAI SPEAKER HT-208,1500,
BAFLE ORDINATEUR SPEAKER HT-209,2500,
BAFLE ORDINATEUR SPEAKER HT-414,3000,
SPEAKER TROLLEY BAFLE HT-510 + MICRO SANS FIL,42500,
BAFFLE ORDINATEUR HOTMAI SPEAKER HT-919,2500,
BAFLE ORDINATEUR HOTMAI SPEAKER HT-A11 AC,3500,
BAFLE ORDINATEUR HOTMAI SPEAKER HT-A12,3000,
BAFFLE ORDINATEUR HOTMAI SPEAKER HT-A13,2750,
BAFFLE ORDINATEUR SPEAKER HT-A16/ S12,2000,
BAFFLE ORDINATEUR HOTMAI SPEAKER+BT HT-A900BT,11500,
BAFLE SPEAKER TROLLEY HT-TS1280,25000,
BAFLE SPEAKER HT-V12,22500,
BAFLE SPEAKER HT-V19,32500,
BAFLE SPEAKER + TROLLEY + MP3 MIC HT-V6A,25000,
CYDHYTEAM SPEAKER BAFLE TROLLEY VALISE MP3+BT HY-03,14000,
CYDHYTEAM SPEAKER BAFLE TROLLEY VALISE MP3+BT HY-06,13000,
CYDHYTEAM BAFLE BLUETOOTH +MP3 HY-07,6500,
CHINOISE BAFFLE WOOFER J-35,8500,
JBZ BAFFLE HOME JB-1205 + 2 MICRO,65000,
WIRELESS SPEAKER MINI BAFFLE MK-601,3500,
BAFLE SPEAKER PAIR JBR,100000,
SPEAKER BLUETOOTH MP3 +FM  JC-172,5500,
SPEAKER BLUETOOTH MP3 +FM  JC-180,4500,
SPEAKER BAFFLE BLUETOOTH JC-288,4500,
JIEPAK BAFLE WOOFER 2.1 JP-105/ JP-106,16000,
JIEPAK BAFLE WOOFER 3.1 JP-107,18000,
JIEPAK BAFLE WOOFER 3.1 JP-108,16000,
JIEPAK BAFLE JP-1605 + BT / TROLLEY,15000,
JIEPAK BAFLE WOOFER JP-302 / JP-301 / A+B,11000,
JIEPAK BAFLE JP-7702 / SUBWOOFER,57500,
JIEPAK BAFLE WOOFER 3.1 JP-A2,20000,
JIEPAK BAFLE WOOFER 3.1 JP-A3,20000,
JIEPAK BAFLE WOOFER 3.1 JP-A4 / JP-A5,19000,
JIEPAK BAFLE WOOFER 3.1 JP-C7,20000,
JIEPAK BAFLE WOOFER 3.1 JP-D3,20000,
JIEPAK BAFLE WOOFER JP-DP513,27500,
JIEPAK BAFLE JP-H12 + BT,11000,
JIEPAK BAFLE JP-H9 + BT,11000,
JIEPAK BAFLE WOOFER 3.1 JP-Q2,20000,
JIEPAK BAFLE WOOFER 3.1 JP-Q3,20000,
JIEPAK BAFLE WOOFER 3.1 JP-Q4,20000,
JIEPAK BAFLE WOOFER 3.1 JP-Q5,20000,
JIEPAK BAFLE JP-Q8 + BT / TROLLEY /,18000,
JIEPAK BAFLE WOOFER 5.1 JP-T6,55000,
JIEPAK HOME WOOFER 5.1 JP-TY-F4,55000,
JIEPAK BAFLE SUBWOOFER 3.1 JP-Z2,20000,
BAFFLE BLUETOOTH JW-A8,9000,
"TROLLEY WIRELESS SPEAKER MINI BAFFLE K-080/ K-081 / SOUND 8""",10000,
SPEAKER BLUETOOTH MP3 +FM  K29,2500,
KE BAFFLE PAIR K-720 TAILLE MINI AVEC ROUE XCL,325000,
KE BAFFLE PAIR K-725 GRANDE TAILLE XCL,450000,
SPEAKER TROLLEY BAFLE K-808,30000,
KUMI BAFFLE BLUETOOTH WOOFER 2.1 K-863BT,20000,
BAFLE RECHARGEABLE SPEAKER PROFESSIONAL ACTIVE,50000,
SPEAKER BLUETOOTH MP3 KTX-1054,14000,
MINI SPEAKER BLUETOOTH WIRELESS L10,2500,
BAFFLE HOME CINEMA LG  LHD-457,120000,
SPEAKER BLUETOOTH HOME CINEMA LG LHD-655,140000,
BAFFLE HOME CINEMA LG  LHD-657/LHD-656 1000W,150000,
HOME CINEMA LG  LHD677,175000,
AILIANG LIGE SPEAKER BT MP3 LIGE-1717/ HB-1712 / TROLLEY /,30000,
LIGE BAFLE LIGE-1718,32500,
AILIANG LIGE SPEAKER BT MP3 LIGE-2803/LIGE-2805,15000,
AILIANG LIGE SPEAKER BT MP3 LIGE-880,12000,
AILIANG LIGE SPEAKER BT MP3 LIGE-X8,12000,
LAX-MAX BAFFLE HOME  LIS-276BT,65000,
BT SPEAKER LS06 / SPEAKER MP3 BOOMBOX LS-06 /,6000,
BAFLE SPEAKER +MP3+BT LT-0828,20000,
PORTABLE SPEAKER BAFFLE TROLLEY LT-1206,30000,
BAFLE SPEAKER TROLLEY VALISE MP3+BT LT-M800,20000,
BAFLE ORDINATEUR M18 / M17,3000,
BAFFLE MINI SPEAKER BLUETOOTH MODEL-206,5000,
SPEAKER BAFLE M-606/ 606A,22500,
BAFFLE MD112/MD116,70000,
SPEAKER WIRELESS BLUETOOTH TABLEPRO MG2,1250,
SPEAKER BLUETOOTH MP3 +FM  MINI X8UC,2000,
SPEAKER BLUETOOTH MP3 +FM  MINI X9U,2000,
TWS WIRELESS SPEAKER FINEBLUE MK-10,5000,
FINEBLUE MINI BLUETOOTH SPEAKER MK-18A,7000,
SPEAKER BAFFLE BLUETOOTH ML-53/ML-53U,5500,
SPEAKER BAFFLE BLUETOOTH ML-53U/ML-53,5500,
SPEAKER BLUETOOTH MP3 +FM  ML-70U,6500,
SPEAKER BLUETOOTH MP3 +FM  ML-75U,5500,
SPEAKER BLUETOOTH MP3 +FM  ML-83U,7500,
SPEAKER BAFLE +BLUETOOTH MR1161/1163/1165,20000,
SPEAKER BLUETOOTH MP3 +FM  MS176/MS-177BT,5500,
SPEAKER BAFFLE BLUETOOTH MT-1267 +2MICRO+COMMANDE BOHONG,90000,
TROLLEY MP3+BT SPEAKER BAFLE MT-1269/ MT-1209,75000,
SPEAKER BLUETOOTH MP3 +FM  MY550,9000,
SPEAKER BLUETOOTH MP3 +FM  MY650,15000,
SPEAKER BLUETOOTH MP3 +FM  N10,2000,
BAFLE SPEAKER BT+MP3 TROLLEY + MIC ND-12,22500,
BAFLE SPEAKER ND-F12 / TROLLEY /,22500,
WIRELESS SPEAKER MINI BAFFLE ND-F61 / F66 / F65 / F63,6500,
PORTABLE SPEAKER BAFFLE TROLLEY ND-W12 / 1500W,20000,
NEBILLIO BAFFLE BLUETOOTH WOOFER 2.1 MELODY 42W,22500,
SLT ELECTRONICS BAFLE SPAEKAER + MP3 + BT + MIC NG-1010,65000,
NEWRIXING BAFFLE SPEAKER BLUETOOTH NR-1015,4000,
NEWRIXING BAFFLE SPEAKER BLUETOOTH NR-4012,3750,
OPTIMA RADIO BLUETOOTH OPT-10000,14000,
OPTIMA RADIO BLUETOOTH OPT-3000BT,13500,
OPTIMA RADIO BLUETOOTH OPT-6000,13500,
OPTIMA RADIO BLUETOOTH OPT-7000,13500,
OPTIMA RADIO BLUETOOTH OPT-8000,13500,
OPTIMA RADIO BLUETOOTH OPT-9000,13500,
OVEVO SPEAKER BLUETOOTH TANGO D18,25000,
SLT ELECTRONICS SPEAKER BAFLE + MP3 + MIC P-083,30000,
PROFIT BAFLE WIRELESS SPEAKER + BT P-111,8000,
SLT ELECTRONIC SPEAKER BAFLE TROLLEY P-1238 + 2 MIC,60000,
SLT SPEAKER BAFLE P-1805,70000,
SLT SPEAKER TROLLEY BAFLE P-256,60000,
SPEAKER BAFLE +BLUETOOTH P-805,25000,
PROFIT BAFLE WIRELESS SPEAKER + BT P-818,16000,
PANMIC BAFLE WOOFER 3.1 PA-Q3 / PA-503,19000,
SPEAKER BAFLE +BLUETOOTH PBX3310200BTD,80000,
LOUD SPEAKER WOOFER PK-07,12000,
SPEAKER BAFLE +BLUETOOTH PK10,55000,
BAFFLE PK212,70000,
BAFLE  PK-TROLLEY BLUETOOTH PK-3028BT/ ECOPLUS EP-3028/ P-127,40000,
BAFLE SPEAKER PP010/ BAFLE PAIR,40000,
SPEAKER BLUETOOTH MP3 PR 05+,4000,
KIMISO WIRELESS SPEAKER MINI BAFFLE QS-2605/QS-2601 TROLLEY / DG-1053,6500,
ROJEM BAFLE TROLLEY HBPC-816,20000,
RSTAR BAFFLE WOOFER RS-801U,6000,
BAFLE SPEAKER RS-8879/ RS-8881,8000,
BAFLE SPEAKER RS-8882/ RS-8883/ RS-8884,8000,
BAFLE SPEAKER RS-8885/ RS-8886/ RS-8887/ RS-8888,8000,
BAFLE SPEAKER RS-8889,8000,
RSTAR WOOFER+BLUETOOTH RSS2830,28000,
TROLLEY BAFLE SPEAKER +MP3+BT RX-1050/ RX-1060 10 POUCE,35000,
GOLON RADIO RX-2900BT,24000,
KEDIBO SPEAKER WOOFER S33,35000,
SPEAKER BLUETOOTH MP3 +FM  S9,10000,
SPEAKER BLUETOOTH MP3 +FM  S908,7500,
WIRELESS SPEAKER  BAFFLE BLUETOOTH S-91U/S-92U/S91U,3000,
BAFFLE SA7045,12000,
SAMSOUND BAFLE WOOFER 5.1 8069/8081/8083,32500,
CHINOISE BAFFLE BLUETOOTH SC-208 / S208 /A2DP,2250,
SPEAKER MP3 BLUETOOTH SC-212  /  SC212 / A2DP / MEGABASS,3750,
SHILE BAFFLE FLEUR MP3 SL-9 /SL-1,15000,
LEADDER WOOFER MP3+BT SP-22B 2.1,15000,
PANACOM BAFLE STAGE SOUND SP-3092,12000,
MANTA BAFFLE SPEAKER SPK-5014,60000,
D-TECH BAFFLE BLUETOOTH ST-915A 5000W+MICRO SANS FIL TROLLEY,45000,
SONICNY SPAEKER WOOFER 3.1 SY-1203,21000,
SONICNY SPAEKER WOOFER 3.1 SY-1303,21000,
SONICNY SPAEKER WOOFER 3.1 SY-1403,21000,
SONICNY SPAEKER WOOFER 3.1 SY-1603,21000,
SONICNY SPAEKER WOOFER 3.1 SY-6053,21000,
SONICNY SPAEKER WOOFER 3.1 SY-6056,21000,
SONICNY SPAEKER WOOFER 3.1 SY-6057,21000,
SONICNY SPAEKER WOOFER 3.1 SY-6117,21000,
SONICNY SPAEKER WOOFER 3.1 SY-6119,21000,
SONICNY SPAEKER WOOFER 3.1 SY-6603,20000,
SONICNY SPAEKER WOOFER 3.1 SY-6703,21000,
SONICNY SPAEKER WOOFER 3.1 SY-6803,21000,
PUNCTA SPEAKER T1,25000,
TEDGE BAFFLE BLUETOOTH TK-3612/ TROLLEY,20000,
SPEAKER BAFFLE BLUETOOTH TM-1501A / TM-1501B / 2500W PMPO,35000,
SPEAKER BLUETOOTH UA2018,7000,
BAFFLE UF3522DT,12500,
AILIANG BAFLE UF-6720 PAIR,75000,
SPEAKER BAFLE +BLUETOOTH UF7510DT,60000,
AILIANG BAFLE UF-802A-T/ UF-802B-T,32500,
TWS WIRELESS MAGNETIC SPEAKER UKEUU UK-BTS2/ MK22 / MK-22,15000,
AILIANG BAFLE USBFM-620DT/ USBFM-623DT,55000,
AILIANG BAFLE USBFM-F30/F33/F34/F35DC-DT/ USBFM-T11BDC-DT/ 2.1,11500,
BAFLE SPEAKER +MP3+BT V16,30000,
VIDSON SPEAKER BLUETOOTH I6 TWS SPEAKER,30000,
WIWU BAFFLE BLUETOOTH SPK-301/ GEMINI / HIFI,45000,
BAFLE SPEAKER +MP3+BT VALISE TROLLEY WP-8IP,15000,
SPEAKER BLUETOOTH +FM WS-829,5500,
MINI SPEAKER BLUETOOTH WIRELESS X1,1500,
BAFLE SPEAKER BLUETOOTH X11S,5000,
SPEAKER BLUETOOTH MP3 +FM  X50,40000,
SPEAKER BLUETOOTH MP3 +FM  XA8,2000,
XA SPEAKER BLUETOOTH 2 PAIR XAT-180BT,55000,
TWS BAFLE SPEAKER BLUETOOTH XS-3000,35000,
SPEAKER BAFFLE BLUETOOTH GLS Y-12 / Y-13,25000,
SPEAKER BAFLE +BLUETOOTH Y29,90000,
YOKOSONIC SPEAKER WOOFER  3.1 YK-602 / BAFFLE LONG DH3,28000,
ZEBION BAFLE TROLLEY UNO-12,35000,
ZHOUHOU BAFLE BT+MP3 TROLLEY + MIC ZH-1218,25000,
XCL BAFFLE WOOFER ZH-6251,50000,
ZQS12110/ ZQS12112 BTSPEAKER,20000,
ZQS BAFFLE SPEAKER ZQS-12101/ZQS-12102,22500,
ZQS1306 BT SPEAKER,2500,
ZQS1411 BT SPEAKER,3000,
ZQS2201 BT SPEAKER,1800,
ZQS3203 BT SPEAKER,5000,
ZQS4216 BT SPEAKER,8500,
ZQS4221/ZQS4220/ZQS4219 BT SPEAKER,7500,
ZQS4225/ZQS4222/ZQS4223 BT SPEAKER,6500,
ZQS5102 BT SPEAKER,7500,
ZQS5201 BT SPEAKER,11000,
ZQS6103/ZQS6105 BT SPEAKER,8500,
ZQS6106 BT SPEAKER,18000,
ZQS BAFLE SPEAKER ZQS-6201/ ZQS-6202/ ZQS-6203,22500,20000
ZQS6205 BT SPEAKER,15000,
ZQS8101/ZQS8102 BT SPEAKER,15000,
ZQS8112 BT SPEAKER,17000,
ZQS8113 BT SPEAKER,15000,
BTSPEAKER ZQS8115,16000,
ZQS8122 WIRELESS SPEAKER,14000,
ZQS8202S / ZQS8202A WIRELESS SPEAKER avec Micro,20000,
TROLLEY DOUBLE SPEAKER ZR-10900BLD / PAIR BAFFLE,75000,
NEWRIXING MINI BAFFLE SPEAKER BT + MICRO NRG-501A,6000,
WIRELESS SPEAKER MINI BAFFLE PORTABLE + MICRO ESS-601B,12500,
QSONIC SPAEKER WOOFER 3.1 DJ-6360S / DJ-6361S,30000,
ZOKO BAFFLE BLUETOOTH+TREPIED ZH-A15 / 18000W TROLLEY,47500,
ZQS15102  BT SPEAKER,42500,
ZQS4242 WIRELESS SPEAKER,6000,5500
ZQS4235 WIRELESS SPEAKER,11000,
ZQS4243 WIRELESS SPEAKER,8000,
ZQS6123 WIRELESS SPEAKER,7000,
ZQS6125 WIRELESS SPEAKER,5000,
ZQS6128 WIRELESS SPEAKER,4500,
ZQS6129 WIRELESS SPEAKER,5000,
ZQS6210W WIRELESS SPEAKER,20000,
ZQS6122 BT SPEAKER,8000,
ZQS6212 BT SPEAKER,13000,
ZQS8107S BT SPEAKER,10000,
ZQS8131 BT SPEAKER,7500,
ZQS8136 WIRELESS SPEAKER,10500,
ZQS8127 WIRELESS SPEAKER,10500,
ZQS8135 WIRELESS SPEAKER,7500,
ZQS8139 WIRELESS SPEAKER,12000,
ZQS8129 BT SPEAKER,7500,
ZQS8130 BT SPEAKER,7500,
ZQS12111 BT SPEAKER,20000,
ZQS12113 BT SPEAKER,16000,
ZQS12109 BTSPEAKER,18000,
ZQS8123 WIRELESS SPEAKER,13000,
UKC BAFFLE PLAFONIER CS-8500BM,10000,6000
LG BARRE DE SON 2.1 SOUNDBAR SL4,115000,
SUKAM BATTERIE SOLAIRE 12V12AH / UKC,7000,
BATTERIE JMG 12V55A,25000,
BATTERIE RECHARGRABLE AA 3000MAH/C5-AA,4000,
BESTON BATTERIE BTS-LI18650 / GOOP 18650 / GD-18650 /,1500,
DAEWOO BATTERIE AA 4 ALKLINE,500,
DAEWOO BATTERIE AAA 4 ALKLINE,500,
DAEWOO BATTERIE D SHRINK ALCALINE R20,500,
ENERGIZER ALCALINE BATTERIE 9V /  9VOLT,400,
ENERGIZER MAX ALCALINE BATTERIE AA B4,500,
ENERGIZER MAX ALCALINE BATTERIE AAA B4,500,
BATTERIE G350,1500,
BATTERIE G355,1500,
BATTERIE G360,1500,
BATTERIE G530,1500,
BATTERIE G7102,1500,
GOOP BATTERIE GD-809B,1000,
GOOP BATTERIE GD-840A+9VX2,4500,
GOOP BATTERIE GD-840ASIMPLE,1500,
GOOP BATTERIE RECHARGEABLE 9V / 9VOLT,1500,
GOOP BATTERIE GP-809B+AA,2500,
BATTERIE RECHARGEABLE MPAA*2,1500,
BATTERIE RECHARGEABLE MPAAA*2,1500,
BATTERIE N535,1200,
BATTERIE N9150/NOTE EDGE,2000,
PANASONIC ALCALINE BATTERIE AA / GENERAL PURPOSE,500,
PANASONIC ALCALINE BATTERIE AAA / GENERAL PURPOSE,500,
ROBUST ALCALINE BATTERIE 9VOLT / 9V /,350,
ROBUST ALCALINE BATTERIE AAA /,300,
BESTON BATTERIE RECHARGEABLE 9VOLT / 9V 1000MAH 9V-LI-ION,4000,
CANON BATTERIE NUMERIQUE LP-E8,6000,5000
LENOVO BATTERIE ORDINATEUR 420S,10000,
APPLE BATTERIE ORDINATEUR MACBOOK A1375/A1370,25000,
APPLE BATTERIE ORDINATEUR MACBOOK A1383 / A1297,30000,
APPLE BATTERIE ORDINATEUR MACBOOK A1417/A1398,35000,
APPLE BATTERIE ORDINATEUR MACBOOK A1437/A1425,30000,
APPLE BATTERIE ORDINATEUR MACBOOK A1493 / A1502 / A1425 / A1437,40000,
ASUS BATTERIE ORDINATEUR A32-U47/A42-U47/R404/R404A/R404,25000,
ACER BATTERIE ORDINATEUR 1825,10000,
ACER BATTERIE ORDINATEUR 3630,10000,
ACER BATTERIE ORDINATEUR 532,10000,
ACER BATTERIE ORDINATEUR 5330,10000,
ACER BATTERIE ORDINATEUR 5330X5330,10000,
ACER BATTERIE ORDINATEUR 6301,10000,
ACER BATTERIE ORDINATEUR 7141Z,10000,
ACER BATTERIE ORDINATEUR 7250G,10000,
ACER BATTERIE ORDINATEUR AR532H,10000,
ACER BATTERIE ORDINATEUR BATBL50L6H,10000,
ACER BATTERIE ORDINATEUR L5056H,10000,
ACER BATTERIE ORDINATEUR R3000,10000,
ACER BATTERIE ORDINATEUR  UL20,10000,
APPLE BATTERIE ORDINATEUR MACBOOK A1321 / A1286 /,20000,
APPLE BATTERIE ORDINATEUR MACBOOK A1185 / A1181,25000,
APPLE BATTERIE ORDINATEUR MACBOOK 1331 / A1342,20000,
ASUS BATTERIE ORDINATEUR 102B,10000,
ASUS BATTERIE ORDINATEUR A2,10000,
ASUS BATTERIE ORDIANTEUR A3,10000,
ASUS BATTERIE ORDINATEUR A4,10000,
ASUS BATTERIE ORDINATEUR A42,10000,
ASUS BATTERIE ORDINATEUR A42-W3,10000,
ASUS BATTERIE ORDINATEUR AA2446,10000,
ASUS BATTERIE ORDINATEUR AL22-703,10000,
ASUS BATTERIE ORDINATEUR EEEPC701,10000,
ASUS BATTERIE ORDINATEUR EEEPC900A,10000,
ASUS BATTERIE ORDINATEUR EEPC901,10000,
ASUS BATTERIE ORDINATEUR F82,10000,
ASUS BATTERIE ORDINATEUR G7152,10000,
ASUS BATTERIE ORDINATEUR  G751/G42N1728/ A42N1403,15000,
ASUS BATTERIE ORDINATEUR K56/R505C/K56C/A41-K56,10000,
ASUS BATTERIE ORDINATEUR M70,15000,
ASUS BATTERIE ORDINATEUR A41N1501/N552V,10000,
ASUS BATTERIE ORDINATEUR N82/A42-N82,10000,
ASUS BATTERIE ORDINATEUR PC701,10000,
ASUS BATTERIE ORDINATEUR PC900A,10000,
ASUS BATTERIE ORDINATEUR S5,10000,
ASUS BATTERIE ORDINATEUR UN255,10000,
ASUS BATTERIE ORDINATEUR V24,10000,
ASUS BATTERIE ORDINATEUR V56,10000,
ASUS BATTERIE ORDINATEUR V6,10000,
ASUS BATTERIE ORDINATEUR V80,10000,
ASUS BATTERIE ORDINATEUR X102B/X102BA/A31N1345,10000,
ASUS BATTERIE ORDINATEUR X401,10000,
ASUS BATTERIE ORDINATEUR X402/X201E/X202,20000,
ASUS BATTERIE ORDINATEUR X451/A31N1319,10000,
ASUS BATTERIE ORDINATEUR X455/X455DG/X455DG-1A/C21N1401,15000,
ASUS BATTERIE ORDINATEUR X551C A31N1319,10000,
ASUS BATTERIE ORDINATEUR X556,15000,
IBM-LENOVO BATTERIE ORDINATEUR BEE011666,10000,
ASUS BATTERIE ORDINATEUR BP159,10000,
FUJITSU BATTERIE ORDINATEUR BP163,10000,
FUJITSU BATTERIE ORDINATEUR  BP174,10000,
FUJITSU BATTERIE ORDINATEUR BP205,10000,
FUJITSU BATTERIE ORDINATEUR BPT-52W,10000,
MSI BATTERIE ORDINATEUR BTY-514,10000,
DELL BATTERIE ORDINATEUR INSPIRON 1120;1121;M101Z;11Z,10000,
DELL BATTERIE ORDINATEUR 1210/XPS M1210,10000,
"DELL BATTERIE ORDINATEUR 1340/STUDIO XPS 13,XPS 1340,STUDIO XPS PP17S",10000,
"DELL BATTERIE ORDINATEUR 1370,INSPIRON 13Z{P06S} INSPIRON 1370",10000,
DELL BATTERIE ORDINATEUR 1420 DELL INSPIRON 1420 DELL VOSTRO 1400,10000,
DELL BATTERIE ORDINATEUR 1435/ STUDIO1435 SERIES STUDIO 1436,10000,
DELL BATTERIE ORDINATEUR 1525/1526/1545/1750/VOSTRO500/1440/X284G,10000,
DELL BATTERIE ORDINATEUR 1545,10000,
DELL BATTERIE ORDINATEUR 1551,10000,
DELL BATTERIE ORDINATEUR 1636,10000,
DELL BATTERIE ORDINATEUR 1735 /STUDIO 1735/STUDIO 1737,10000,
DELL BATTERIE ORDINATEUR 1736,10000,
"DELL BATTERIE ORDINATEUR 1747 STUDIO 17,STUDIO 1745,STUDIO 1747,1749",10000,
DELL BATTERIE ORDINATEUR 2650/2600/PC100N/WINBOOK N4,10000,
DELL BATTERIE ORDINATEUR 3300/VOSTRO 330,10000,
DELL BATTERIE ORDINATEUR  4710S,10000,
DELL BATTERIE ORDINATEUR 630M/INSPIRON 630M/640M/E1405/XPS M140,10000,
DELL BATTERIE ORDINATEUR 6400/1501/E1505/LAT 131L/VOSTRO 1000,10000,
DELL BATTERIE ORD E5420-68-3S2P/T54FJ/E6420/E5520/E6120/ T54FJ /M5Y0X,20000,
DELL BATTERIE ORDINATEUR BEE010102,10000,
DELL BATTERIE ORDINATEUR GK5KY/3147/3148/3157/3158/347/7348/7352/,25000,
DELL BATTERIE ORDINATEUR MFKVP/7720/7510/7710,30000,
DELL BATTERIE ORDINATEUR MINI 10V/MINI 1010/1011/K711N/11Z1 1110,10000,180000
DELL BATTERIE ORDINATEUR MINI110,10000,
DELL BATTERIE ORDINATEUR NNF1C XPS 13 9365/ ORIGINAL,30000,
DELL BATTERIE ORDINATEUR RYXXH/E5450/E5550/E5250,25000,
IBM-LENOVO BATTERIE ORDINATEUR E320 / X131E /X121E / X130 /45N1063,20000,
FUJITSU BATTERIE ORDINATEUR BP250,10000,
FUJITSU BATTERIE ORDINATEUR FMNVBP152,10000,
FUJITSU BATTERIE ORDINATEUR FPCB102,10000,
FUJITSU BATTERIE ORDINATEUR FPCBP107,10000,
FUJITSU BATTERIE ORDINATEUR FPCBP125,10000,
FUJITSU BATTERIE ORDINATEUR FPCBP163,10000,
FUJITSU BATTERIE ORDINATEUR FPCBP25,10000,
FUJITSU BATTERIE ORDINATEUR FPCBP250,10000,
FUJITSU BATTERIE ORDINATEUR A532,10000,
FUJITSU BATTERIE ORDINATEUR LH531,10000,
FUJITSU BATTERIE ORDINATEUR  M675,10000,
FUJITSU BATTERIE ORDINATEUR SKU504,10000,
IBM-LENOVO BATTERIE ORDINATEUR G50-45-G,10000,
GATEWAY BATTERIE ORDINATEUR GATEWAY3830T,10000,
HP BATTERIE ORDINATEUR HP 110-3000,10000,
HP BATTERIE ORDINATEUR 2133/MINI NOTE/MINI 2140,10000,
HP BATTERIE ORDINATEUR 2530,10000,
HP BATTERIE ORDINATEUR 3310 LHAT/ DM1/HSTNN-IBON/PT06/HSTNN-Q44,10000,
HP BATTERIE ORDINATEUR 4320S/PH06/4325S/4320T/4525S/4720S/4321,10000,
HP BATTERIE ORDINATEUR 4340S,10000,
HP BATTERIE ORDINATEUR 4420S,10000,
HP BATTERIE ORDINATEUR4510S PROBOOK 4510S PROBOOK 4710S PROB 4515S,10000,
HP BATTERIE ORDINATEUR 4520,10000,
HP BATTERIE ORDINATEUR 4530,10000,
HP BATTERIE ORDINATEUR 4710,10000,
HP BATTERIE ORDINATEUR 500/520,10000,
HP BATTERIE ORDINATEUR 510 HP 510/HP 530,10000,
HP BATTERIE ORDINATEUR 5220,10000,
HP BATTERIE ORDINATEUR 5330,10000,
HP BATTERIE ORDINATEUR 5560,10000,
HP BATTERIE ORDINATEUR 6440B,10000,
HP BATTERIE ORDINATEUR 6530B/6535B/HSTNN-UB68/8440P/6735B/6930P/OB06,10000,
HP BATTERIE ORDINATEUR 8530P/ELITE BOOK 8530P/8530W/8540P/8730P,15000,
HP BATTERIE ORDINATEUR DM1-6 / mini311 /pt06,10000,
HP BATTERIE ORDINATEUR DM4/CQ42/MU06/CQ57,15000,
HP BATTERIE ORDINATEUR DV4-5000 DV4-5099 DV6-7000 DV6-7099 / MO06,10000,
HP BATTERIE ORDINATEUR DV7-8,10000,
HP BATTERIE ORDINATEUR DV8000/DV8000SERIES/DV8000T/DV8000Z,10000,
HP BATTERIE ORDINATEUR DV9000/DV9000EA/DV9000 SERIE/DV9000T,10000,
HP BATTERIE ORDINATEUR F2098A,10000,
HP BATTERIE ORDINATEUR F4809A,10000,
HP BATTERIE ORDINATEUR HDMI6,10000,
HP BATTERIE ORDINAT MINI1000/MINI 700EA/700ED/700EE/700EF/700EI/700EK,10000,
HP BATTERIE ORDINATEUR MINI110/110XP/110-1006TU/110-1012NR,10000,
HP BATTERIE ORDINATEUR MINI 110-1000,10000,
HP BATTERIE ORDINATEUR MINI 1506,10000,
HP BATTERIE ORDINATEUR N400C,10000,
HP BATTERIE ORDINATEUR N600C,10000,
HP BATTERIE ORDINATEU NP03XL/HP PAVILLON X360 13-A010DX HSTNN-LB6L 76,15000,
HP BATTERIE ORDINATEUR NU03XL/TPN-W117,20000,
HP BATTERIE ORDINATEUR PA06/HSTNN-DB7K,20000,
HP BATTERIE ORDINATEUR PF06XL/HSTNN-DB7M,25000,
HP BATTERIE ORDINATEUR PK03XL/HSTNN-DB6S/,25000,
HP BATTERIE ORDINATEUR PPDM1-6,10000,
HP BATTERIE ORDINATEUR R3000,10000,
HP BATTERIE ORDINATEUR SB03XL / SB03 / 820-G1 / 820 G1 /,20000,
HP BATTERIE ORDINATEUR SR03XL/SR03,25000,
HP BATTERIE ORDINATEUR TE03XL/HP PAVILLON 15.../HSTNN-UB7A,20000,
HP BATTERIE ORDINATEUR TX100,10000,
HP BATTERIE ORDINATEUR VR03/HQ-TRE 70125,25000,
HP BATTERIE ORDINATEUR VT06XL/VT06,25000,
HP BATTERIE ORDINATEUR X2000,10000,
HP BATTERIE ORDINATEUR X401,10000,
IBM LENOVO BATTERIE ORDINATEUR IB-T61-6,10000,
IBM-LEVONO BATTERIE ORDINATEUR 24500,10000,
IBM-LENOVO BATTERIE ORDINATEUR G10-3,10000,
IBM-LENOVO BATTERIE ORDINATEUR G460,10000,
LENOVO BATTERIE ORDINATEUR G50-4/G50-70,15000,
LENOVO BATTERIE ORDINATEUR G50-70 PNC1214A02,15000,
IBM-LENOVO BATTERIE ORDINATEUR S10-2/210,15000,
IBM-LENOVO BATTERIE ORDINATEUR S10-6BK,10000,
LENOVO BATTERIE ORDINATEUR S210/L12M3A01,10000,
LENOVO BATTERIE ORDINATEUR V110-15ISK-80TL / L15L4A02,20000,
LENOVO BATTERIE ORDINATEUR X240 /X250/T440/T440S/T450S/K2450,20000,
MSI BATTERIE ORDINATEUR BTY-M6D MEDION ERAZER X6813 ERAZER X6811,10000,
BATTERIE ORDINATEUR MAC MINI 85W,10000,
MEDION BATTERIE ORDINATEUR A24,10000,
BATTERIE ORDINATEUR MSI BTY- N42,10000,
BATTERIE ORDINATEUR MSI BTY-N74,10000,
BATTERIE ORDINATEUR  R410 SQU-804,10000,
IBM-LENOVO BATTERIE ORDINATEUR N100 LENOVO 3000 C200 8922 3000 N100,10000,
IBM-LENOVO BATTERIE ORDINATEUR N200  LENOVO N200 SERIES (14   WIDE),10000,
IBM-LENOVO BATTERIE ORDINATEUR S9,10000,
SAMSUNG BATTERIE ORDINATEUR N110,10000,
SAMSUNG BATTERIE ORDINATEUR N15,10000,
SAMSUNG BATTERIE ORDINATEUR N150 N148 SERIES  N148-DA01,10000,
SAMSUNG BATTERIE ORDINATEUR N210,10000,
SAMSUNG BATTERIE ORDINATEUR R20,10000,
SAMSUNG BATTERIE ORDINATEUR R428/R429/R440/R470,10000,
SAMSUNG BATTERIE ORDINATEUR RV409 / RV415 /,10000,
SONY BATTERIE ORDINATEUR 2700,10000,
SONY BATTERIE ORDINATEUR B1200,10000,
SONY BATTERIE ORDINATEUR BP2E,10000,
SONY BATTERIE ORDINATEUR BP2NX,10000,
SONY BATTERIE ORDINATEUR BP2R,10000,
SONY BATTERIE ORDINATEUR BP2V,10000,
SONY BATTERIE ORDINATEUR BPLYN4000PAN,10000,
SONY BATTERIE ORDINATEUR BPS11,10000,
SONY BATTERIE ORDINATEUR BPS12,10000,
SONY BATTERIE ORDINATEUR BPS2NX,10000,
SONY BATTERIE ORDINATEUR BPS5,10000,
SONY BATTERIE ORDINATEUR COMPAD DV 8000,10000,
SONY BATTERIE ORDINATEUR COMPAD F4809A,10000,
SONY BATTERIE ORDINATEUR DP2V,10000,
SONY BATTERIE ORDINATEUR FPCBP250,10000,
SONY BATTERIE ORDINATEUR FU809A,10000,
SONY BATTERIE ORDINATEUR G430,10000,
SONY BATTERIE ORDINATEUR N400C,10000,
SONY BATTERIE ORDINATEUR N600C,10000,
SONY BATTERIE ORDINATEUR BPS13 SR SERIES BPS21 VGN-SR16 BPS2,10000,
SONY BATTERIE ORDINATEUR NX7000,10000,
SONY BATTERIE ORDINATEUR R300,10000,
SONY BATTERIE ORDINATEUR S5,10000,
IBM-LENOVO BATTERIE ORDINATEUR SQU-504,10000,
IBM-LENOVO BATTERIE ORDINATEUR T30 IBM THINKPAD T30 SERIES,10000,
IBM-LENOVO BATTERIE ORDINATEUR T40,10000,
IBM-LENOVO BATTERIE ORDINATEUR T400,10000,
IBM-LENOVO BATTERIE ORDINATEUR T400S,10000,
IBM-LENOVO BATTERIE ORDINATEUR T40S,10000,
TOSHIBA BATTERIE ORDINATEUR 3191U-1BRS,10000,
TOSHIBA BATTERIE ORDINATEUR 3285,10000,
TOSHIBA BATTERIE ORDINATEUR 3307U-1BRS,10000,
TOSHIBA BATTERIE ORDINATEUR 3536 / TOSHIBA EQUIUM P200-178 EQUIUM,10000,
TOSHIBA BATTERIE ORDINATEUR 3588,10000,
TOSHIBA BATTERIE ORDINATEUR PA3691U-1BRS,10000,
TOSHIBA BATTERIE ORDINATEUR PA3731U-1BRS,10000,
TOSHIBA BATTERIE ORDINATEUR 3780 T131/T132/T133//T112/T115/3780-8-3S2,10000,
TOSHIBA BATTERIE ORDINATEUR 3788,10000,
TOSHIBA BATTERIE ORDINATEUR 5162/5161U,15000,
TOSHIBA BATTERIE ORDINATEUR 5186,10000,
TOSHIBA BATTERIE ORDINATEUR 5195,10000,
TOSHIBA BATTERIE ORDINATEUR PA3191U-1BRS,10000,
TOSHIBA BATTERIE ORDINATEUR PA3399U-1BRS,10000,
TOSHIBA BATTERIE ORDINATEUR PA3480U-1BRS/PA3479U-1BRS,10000,
TOSHIBA BATTERIE ORDINATEUR PA 3757U-1BRS,10000,
TOSHIBA BATTERIE ORDINATEUR PA3757U-1BRS,10000,
TOSHIBA BATTERIE ORDINATEUR  R700BK,10000,
IBM-LENOVO BATTERIE ORDINATEUR U330/UE330,20000,
FUJITSU BATTERIE ORDINATEUR V3515,10000,
FUJITSU BATTERIE ORDINATEUR V6536,10000,
FUJITSU BATTERIE ORDINATEUR X100FUJITSU,10000,
IBM-LENOVO BATTERIE ORDINATEUR X100,10000,
IBM-LENOVO BATTERIE ORDINATEUR X200,10000,
IBM-LENOVO BATTERIE ORDINATEUR X25,10000,
LENOVO BATTERIE ORDINATEUR Z60T IBM/92P1123,10000,
DELL BATTERIE ORDINATEUR RDSJ / L421X / 4rxfk,25000,
LENOVO BATTERIE ORDINATEUR GYIYGY,20000,
DELL BATTERIE ORDINATEUR LATITUDE D600 / D500,10000,
DELL BATTERIE ORDINATEUR F62G0 38Wh / 7370 / 7380,25000,
DELL BATTERIE ORDINATEUR LATITUDE XT3 6-CELL / 336-1,25000,
HP BATTERIE ORDINATEUR OT06XL / HP2710JW-JHW,20000,
HP BATTERIE ORDINATEUR SH03 / CN03,25000,
ASUS BATTERIE ORDINATEUR U36-TY-4S2P / 1S0104,20000,
BOITIER DISQUE DUR SSD USB3.0 TO NGFF M.2 LM-711N,7500,
SSD USB3.1 TYPE A/C TO PCI -E NVMe SSD ENCLOSURE,15000,
BOITIER DISQUE DUR SSD USB3.0 TO NGFF(M.2) SSD HARD DISK BOX,5000,
BOITIER SSD USB3.1 TO M.2 NVMe SSD ENCLOSURE AVEC USB TYPE-C,15000,
SSD USB 3.1 TO PCI-E NVMe SSD ENCLOSURE WITH CABLE TYPE-C,15000,
SSD USB3.0 TO MSATA SSD HARD DISK BOX LS-721M,5000,
SSD USB 3.1 TO NVME OR SATA M.2 SSD ENCLOSURE AVEC USB TYPE-C,15000,
BOITIER SSD USB3.0 TO UX31 / UX51 / UX21,15000,
BOITIER DISQUE DUR SSD USB3.0 TO 2013 SSD ADAPTER CASE,15000,
MEDIA IN A. M.TO B. A. A. USB F. A. C. FR CR VW A. A4 A6 Q5 Q7 CA-090,15000,
MEDIA IN A. M. TO B. A. A.USB F. A. C. FR CR VW A. A4 A6 Q5 Q7 CA-094,15000,
CABLE 100M / PROFESSIONAL ENGINEERING SPECIAL CABLE KF 288,0,
FINEBLUE CABLE CHARGEUR F-C02/ F-U8 / F-C01,600,
CABLE TELEPHONE VRAGUE IPHONE 4 / 1.5M  BLANC,200,
CABLE TELEPHONE VRAGUE IPHONE 6 3M BLANC,400,
CABLE TELEPHONE VRAGUE IPHONE 6 CORDE 3M /  GRIS /GOLD,400,
CABLE ALIMENTATION LAPTOP 500fcfa 1.5m EU FLOWER /VRAGUE,500,
FIL DJACK BAFFLE 1.5M,0,1000
FW-016-1.8M FIREWIRE 1394 6-6PIN1.8M CABLE,5000,
CABLE TELEPHONE VRAGUE IPHONE 6 ORAIMO 1.5M,300,
CABLE ALIMENTATION PC/DESTOP 300/ 0.75MM2 CU STRAIGHT,350,
2EM QUALITE CABLE TELEPHONE VRAGUE TYPE-C / S8 1.5M BLANC NEW,200,
3EM QUALITE CABLE TELEPHONE VRAGUE TYPE-C BLANC/ 1.5M CHEAP SAC BLANC,200,
3EME QUALITE CABLE TELEPHONE VRAGUE V8 1.5m BLANC,150,
MINIDP-DVI ACTIVE CONVERTER DP-049,10000,
CABLE CONVERTISSEUR  EASY CAPTURE / EASIER CAP,5000,
FIREWIRE 800IEEE 13949P P TO 9SCRW T.M. CAMERA CABLE 1.8M FW-005-108M,5000,
FIREWIRE 1394-6PIN MALE TO FEMALE EXTENSION CABLE 1M FW-013-1.0M,5000,
CONVERTISSUER HDMI TO S-VIDEO,15000,
CONVERTISSEUR HDMI TO RCA S- VIDEO,15000,
JH AUDIO CABLE 3.5/ 3.5-1BY1 1.5M,500,
MINI HDMI TO VGA CONVERTER WHITE HD-057-WH,3000,
SAS SFF-8482 TO SATA 22PIN ADAPTER 90 DEGREE ANGLED SF-095,3000,
TYPE-C TO USB 3.0AM 0.3M / TYPEC TO USB 3.0 AF 0.2M,1500,
MINI USB OTG ADAPTER UP 90 DEGREE ANGLED U2-157,1000,
MICRO USB OTG ADAPTER DOWN 90 DEGREE ANGLED U2-182,1000,
MICRO USB OTG ADAPTER WITH MICRO POWER  U2-241-LE,1000,
TYPE C MALE TO FEMALE ADAPTER 90 DEGREE U3-214-RI,3000,
USB-C TO 3*USB+LAN 100M CONVERTER U3-239-WH,5000,
USB-C TO VGA CONVERTER U3-317-SL,5000,
USB -C TO 3*USB+HDMI+VGA CONVERTER,15000,
USB-C TO DVI CONVERTER UC-315-SL,5000,
CABLE TELEPHONE vrague IPHONE 1.5M BLANC RS-CV03 VRAGUE,225,
CABLE TELEPHONE VRAGUE V8 CORDE 1M MULTICOULEUR RS-CV04,110,
CABLE TELEPHONE SAMSUNG NOTE 10 RS-C001 NOIR,400,
CABLE TYPE-C TO TYPE-C 50CM / RS-TCTC0.5M,2000,
CABLE TYPE-C TO TYPE-C 30CM / RS-TCTC0.3M,2000,
CABLE TELEPHONE vrague 3IN1 IPHONE 6 +V8 +TYPE-C / RS-CV31,500,400
CABLE TELEPHONE SAMSUNG NOTE 10 RS-C003 BLANC,400,
MACBOOK CABLE ORIGINAL,0,3000
CABLE DISQUE DURE V3 NOIR HDD / BG39-00044A,500,
CABLE HDMI HDMI 2M CORDE NOIRE/HDMI 1.5M,750,
JH 19+1 CABLE HDMI HDMI 1.5M / PACKING VERT,1500,
JH ADVANCED VERSION 4K 1080 CABLE HDMI HDMI 1.8M / PACKING NOIR,2000,
JH H630K CABLE HDMI HDMI 10M / JH-HDMI10M,6000,
JH ADVANCED VERSION 4K 1080 CABLE HDMI HDMI 10M / JH-HDMI10M4K,10000,
JH 19+1 CABLE HDMI HDMI 15M / PACKING VERT,12500,
JH ADVANCED VERSION 4K 1080 CABLE HDMI HDMI 15M / PACKING NOIR,15000,
JH 19+1 CABLE HDMI HDMI 20M / PACKING VERT,17500,
JH ADVANCED VERSION 4K 1080 CABLE HDMI HDMI 20M / PACKING NOIR,30000,
JH 19+1 CABLE HDMI HDMI 25M / PACKING VERT,26000,
JH ADVANCED VERSION 4K 1080 CABLE HDMI HDMI 25M / PACKING NOIR,35000,
JH 19+1 CABLE HDMI HDMI 30M / PACKING VERT,32500,
JH ADVANCED VERSION 4K 1080 CABLE HDMI HDMI 30M / PACKING NOIR,50000,
JH 19+1 CABLE HDMI HDMI 3M / PACKING VERT,2500,
JH ADVANCED VERSION 4K 1080 CABLE HDMI HDMI 3M / PACKING NOIR,3000,
JH 19+1 CABLE HDMI HDMI 40M / PACKING VERT,45000,
JH 19+1 CABLE HDMI HDMI 50M / PACKING VERT,70000,
JH 19+1 CABLE HDMI HDMI 5M / PACKING VERT,3000,
JH ADVANCED VERSION 4K 1080 CABLE HDMI HDMI 5M / PACKING NOIR,5000,
JH CABLE  JH HDMI TO VGA 2M JH-Z130G (0902),5000,
JH 19+1 CABLE HDMI HDMI 1M / PACKING VERT,1250,
JH 19+1 CABLE HDMI HDMI 2M / PACKING VERT,1500,
JH CABLE USB TO RJ45 CONSOLE CABLE 1.5M NOIR / RJ45 TO USB,4000,
JH 3+6 CABLE VGA VGA 1.5M / PACKING VERT,750,
JH 3+6 CABLE VGA VGA 10M / PACKING VERT,4000,
JH 3+6 CABLE VGA VGA 15M / PACKING VERT,5000,
JH 3+6 CABLE VGA VGA 20M / PACKING VERT,7000,
JH 3+6 CABLE VGA VGA 30M / PACKING VERT,10000,
JH 3+6 CABLE VGA VGA 3M / PACKING VERT,1500,
JH 3+6 CABLE VGA VGA 40M / PACKING VERT,15000,
JH 3+6 CABLE VGA VGA 50M / PACKING VERT,20000,
JH 3+6 CABLE VGA VGA 5M / PACKING VERT,2500,
CITYCHEN PLUS CALCULATRICE CT-9300/ CT-9300G,2000,2400
CITYCHEN CALCULATRICE CT-9116,2800,2700
MEMORY  CAMERA SQ8 MINI DV FULL HD 1920*1080 CAMERA ESPION,15000,
SANDISK CARTE MEMOIRE SD 128GB ULTRA SDHC UHS-I CARD CLASS 10 120MB/S,15000,12000
SANDISK CARTE MEMOIRE SD 128GB EXTREME PRO SDXC UHS-I CARD 170MB/S,20000,
SANDISK CARTE MEMOIRE SD 64GB ULTRA SDHC UHS-I CARD CLASS 10 80MB/S,8000,7000
SANDISK CARTE MEMOIRE SD 64GB EXTREME PRO SDXC UHS-I CARD 170MB/S,15000,10000
MODIO CLE USB 2GB / NOVADATTA,1300,1200
MODIO CLE USB 8GB / NOVADATTA,1500,1400
CARTOUCHE HP-305 NOIR,8500,8000
CARTOUCHE RSTAR 21XL NOIR,7000,
CARTOUCHE RSTAR 541XL COULEUR,12000,
CARTOUCHE RSTAR 545XL NOIR,12000,
CARTOUCHE RSTAR 63XL NOIR/ MERCURY,7000,
CARTOUCHE RSTAR 901XL COULEUR,7000,
CARTOUCHE RSTAR 901XL NOIR,7500,
CASQUE MP3+BT P47,1800,1500
CASQUE BLUETOOTH YH07 /  DOUBLE BATTERIE EXCELLENT STEREO,0,6000
MOTOBIKE SMART CHARGER 48V20AH /48V,15000,
AME 10IN1 CHARGEUR COCHE +CABLE CLAMP/ 5 IN 1/ Packet Multi Couleur,500,
FINEBLUE RALLONGE + USB CHARGEUR F-I900,6500,
FINEBLUE POWER BANK D110,7500,
FINEBLUE POWER BANK D60,5000,
FINEBLUE POWER BANK D70,3500,
FINEBLUE POWER BANK FR60,6000,
FINEBLUE BLUETOOTH FQ208,5000,
GOOP POWER CHARGEUR UNIVERSELLE LI-ION GD-847A,3000,
CHARGEUR GOOP GD-C802P,2000,
CHARGEUR GOOP GD-825 B,1500,
GIONEE CHARGEUR KIT/ TETE USB-CABLE,600,
ITEL CHARGEUR 2A KIT/ TETE-CABLE,550,
RS-HC008 ORAIMO CHARGEUR 2A KIT/ TETE USB-CABLE / RS-HC008,550,
ORAIMO CHARGEUR 3A KIT/ TETE USB-CABLE / FAST CHARGING SH-C53,550,
SAMSUNG CHARGEUR 2A KIT/ TETE-CABLE / HC SAMSUNG,550,
RS-HC009 TECNO CHARGEUR 2A KIT/ TETE USB-CABLE / RS-HC009,550,
LDNIO CHARGEUR  AUTO 4USB  5.1A C502 /,3500,
CHARGEUR CAR/ AUTO + CABLE BLANC MODEL 22 / SACHET VRAGUE,500,
RSCAR CHARGEUR COCHE 8USB 5IN1 RS-C731 / 2IN1 LCD DC,1000,900
RSCAR CHARGEUR COCHE 10USB RS-C935,1000,950
CHARGEUR SAMSUNG S8 / USB-C 65W PD ADAPTER YK RS-HC615,0,2500
CHARGEUR SAMSUNG S8 / USB-C 65W PD ADAPTER YK RS-HC616,0,2500
BESTON CHARGEUR NUMERIQUE UNIVERSEL BST-M104U,1500,
CANON CHARGEUR NUMERIQUE LP-E6,2500,
DELL CHARGEUR ORDINATEUR 19.5V4.62A 4.5*3.0 BLACK,3000,3500
HP CHARGEUR ORDINATEUR 19V4.74A 4.8*1.7 BULLET,3000,3500
LENOVO CHARGEUR ORDINATEUR 20V4.5A USB PIN,3000,3500
SONY CHARGEUR ORDINATEUR 19.5V4.7A 6.5*4.4,3000,3500
ORIGINAL DELL CHARGEUR ORDINATEUR 19.5V3.34A 7.4*5.0 / 65W OVAL,10000,
LOGITECH SOURIS SANS FIL G304,1800,
LOGITECH SOURIS WIRELESS G306,1800,
LOGITECH SOURIS SANS FIL M590 ORIGINAL,20000,22500
Logitech MX Master 3 (Noir) Souris sans fil,65000,70000
Logitech MX Vertical Original Souris sans fil ergonomique,65000,70000
ADVANCE CLE USB 16GB OTG MOBILE USB,2500,3500
ADVANCE CLE USB 32GB OTG DUAL USB 2.0,3000,4000
ADVANCE CLE USB 8GB OTG MOBILE USB,2000,3000
BECTEL CLE USB 2GB  SHORT / NOVADATTA,1300,1200
BECTEL CLE USB 4GB SHORT / NOVADATTA,1400,1300
BECTEL CLE USB 8GB SHORT / NOVADATTA,1500,1400
PHILIPS CLE USB 16GB,4000,
GAMBIE CLE USB 16GB,1400,
GAMBIE CLE USB 32GB,1500,
GAMBIE CLE USB 4GB IMPRIMABLE / CLE PRINTABLE,1250,
HP CLE USB 2GB/USB2.0/3.0 NOVADATTA FLASH DRIVE,1200,
HP CLE USB 4GB/USB2.0/3.0 NOVADATTA FLASH DRIVE,1400,
NOVA CLE USB 2GB DEER,1700,
NOVA CLE USB 32GB DEER,2500,
NOVA CLE USB 4GB DEER,1800,
NOVA / BN CLE USB  64GB /FULL CAPACITE,5000,
NOVA CLE USB 8GB DEER,1900,
WATCH DEER CLE USB 4GB / MONTRE,1800,
MODIO CLE USB 4GB / NOVADATTA,1400,1300
CONNECTEUR RJ45 FER POT DE 100pcs,2500,
RSCAR CONNECTEUR RS-RJ307 CAOUTCHOU POT DE 100pcs,0,
RSCAR CONNECTEUR RS-RJ607 CAOUTCHOUC SACHET DE 1000pcs,0,
RSCAR CONNECTEUR RS-RJ407 FER BLINDE POT DE 100pcs,0,
RSCAR CONNECTEUR RS-RJ507 FER BLINDE SACHET DE 1000pcs,0,
SPEAKER BLUETOOTH + MP3 L8 SUN,3250,
Mini DP to HDMI Adapter / Mini Displayport to HDMI BARAKA,3000,
TYPE-C ETHERNET ADAPTER TYPE-C TO RJ45 / RS-TCRJ45,5000,
ADAPTER TYPE-C TO HDTV 14 IN 1 / RS-TCHD14IN1,0,22000
"HP ALL IN ONE HP AIO 200 G4 22 INTEL CORE I3 10TH 4GB/1TB 22""",435000,410000
"HP ALL IN ONE HP AIO 200 G4 22 INTEL CORE I5 10TH 4GB/1TB 22""",500000,460000
SONY ICD-PX470 DICTAPHONE 4GB,35000,
"DISQUE DUR SEAGATE HDD 1TB INTERNE DESKTOP 3""5 / WD",27500,25000
"DISQUE DUR SEAGATE HDD 500GB INTERNE DESKTOP 3""5 / WD",17500,15000
WD BLUE DISQUE DUR SSD 500GB INTERNE,55000,50000
MASTER MACHINE RELUIRE 2088C,50000,
CONVERTISSEUR AHD/TVI/CVI TO HDMI,25000,
AIRSTAR ADAPTATEUR ADMW79,3000,
MINI CONVERTISSEUR AV 2 VGA / AV TO VGA PACKING BLEU /VERT,5000,
SOUNDGEAR CASQUE MP3 +BLUETOOTH /WIRELESS,3000,
COQ MACBOOK NEW AIR 13” A1932/A2179,5000,
COQ MACBOOK NEW PRO 13”,0,
CONVERTISSEUR AUDIO DIGITAL TO ANALOG DA-DA01,5000,
DVD PORTABLE 14 POUCE 14.8,30000,
DVX BELKO / DVD PLAYER / 3100a,9000,
MINI DVD SONY DVM63PS,1300,
BAFFLE DWQ F8/ Q8,17500,
F310,17500,
LAMINATOR MACHINE PLASTIFICATION / MASTER FGK-320 / A3,30000,
HDMI TO VGA/CONVERTISSEUR HDMI 2 VGA / FER   VGA+R/L,6000,
CONVERTISSEUR HDMI TO VGA,3000,
ICONIX MP3 AUTO WIRELESS FM TRANSMILLER IC-CM2010 / IC-CM2020,9000,
ICONIX MP3 AUTO WIRELESS FM TRANSMILLER IC-CM2022,9000,
ICONIX MP3 AUTO WIRELESS FM TRANSMILLER IC-CM2023,9000,
INK-MATE ENCRE 1/2L NOIR/black/ G MASTER 500ML,2000,
JIEPAK DVD JP-306/508/828,10000,
LBUD7R/LBUR7,10000,
LBUR16B/LBUR16W/N16S/LBUP9,10000,
RSTAR SUPPORT TV LCD1432-2,1250,
SUPPORT B7,2500,
BAFFLE PC/ORDINATEUR M-030,2500,
SONY CASQUE ORDINATEUR PM MDR-E688MV,1500,
MINI CONVERTISSEUR MINI AV TO HDMI,7500,
MP3 AUTO BT,1500,
MP3 AUTO M18,2500,
UKC MP3 MOTO MT-003,5000,
OLSENMARK AIR COOLER OMAC-1677,25000,
OME2652,12000,
POCKET 3G,5000,
MASTER PLASTIFICATION PM /PP 525,750,
PRINCO DVD-R,4500,
PRINCO DVD-R PRINTABLE,4250,
CONNECTEUR RJ45 CAOUTCHOU POT DE 100pcs,2000,
CONNECTEUR RJ45 CAOUTCHOU POT DE 1000pcs,15000,
CONNECTEUR RJ45 FER POT DE 1000pcs / SACHET DE 1000pcs,17500,
RADIO BLUETOOTH RX-1818 BT,5500,
SAMSUNG LEVEL U 2EME CHOIX  / COPY,3250,
ENREGISTREUR SHARP XEA107,50000,
MEGA-SOUND AMPLI SN-666U,8000,
RSTAR LAMPE SOLAR SR13,10000,
USB-C MULTIFUNCTIONAL CONVERTER T8,30000,
LAMPE TD-9811,4500,
WOLF HEAD LAMPE TORCH TY-8892,1500,
ADAPTER YX-8802 USB-C TO 4K HD,3000,
VGA TO HDMI /CONVERTISSEUR VGA 2 HDMI / FER   VGA+R/L,5000,
LAMP LIGHT MP3 + FM YPS-D108,5000,
LAMP TORCHE MH-710 A MAIN KINGHUO,1500,
CBM PAYMENT,125000,115000
BARAKA ECOUTEUR TELEPHONE NEW BRK-HFB1 / EXTRA BASS,750,
ECOUTEUR NEW BLUE SPECTRUM BOITE / HF R-1 STEREO SOUND WITH PACKING,800,
HP Laser 135w,165000,
HP Color LaserJet Pro M283FDN,485000,465000
HP Color LaserJet Pro M283FDW,520000,485000
HP Color LaserJet Enterprise couleur M452nw,180000,
HP LaserJet Pro M15W IMPRIMANTE LASER MONOCHROME,145000,135000
FIVERAY LED MINETTE Éclairage M40,0,75000
KIT AIRPOD+WATCH /T55/AS18/DM06/W26 PRO MAX/T900PRO/MONTRE SMART,6000,5000
MONTRE CONNECTER SMART WATCH ULTRA Y10,0,12500
MONTRE CONNECTER SMART S8 ULTRA MAX,0,
MONTRE CONNECTER SMART WATCH ULTRA Y16 RS-APP01,0,
MONTRE CONNECTER SMART WATCH ULTRA Y10 RS-APP09,0,
MONTRE CONNECTER SMART WATCH ULTRA Y10 LADY RS-APP06,0,
PACKING / BOITE POUR CARTOUCHE HP-130A /,1500,
PACKING / BOITE POUR CARTOUCHE HP-15A,0,3000
PACKING / BOITE POUR CARTOUCHE CANON 057,0,3000
PACKING / BOITE POUR CARTOUCHE HP-117A,0,1500
AILIANG LIGE SPEAKER BT MP3 LIGE-A51/ A52/ A53,9500,
WIRELESS SPEACKER BAFFLE BLUETOOTH CH-M11/CH-M12,9000,
COLDYIR RADIO CY-L13US / CY-L14US,2000,
RADIO ECA-6/ECA-7/ECA-8/ECA-9,2300,
BAFFLE MINI SPEAKER BLUETOOTH MODEL-F8 / F6 /,2750,
FEPE RADIO FP-05-W-S,7000,
FEPE RADIO FP-1315ULS/FP-1316ULS,11000,
FEPE RADIO FP-1316ULS/FP-1315ULS,11000,
FEPE RADIO FP-1317RC,5750,
FEPE RADIO FP-1319U,5750,
FEPE RADIO FP-1335ULS,12000,
FEPE RADIO FP-1337ULS/FP-1338ULS,4750,
FEPE RADIO FP-1356RLS,10000,
FEPE RADIO FP-1358ULS,7500,
FEPE RADIO FP-1359ULS,5500,
FEPE RADIO FP-1359US,5000,
FEPE RADIO FP-1362ULS,8500,
FEPE RADIO FP-1363RLS,11000,
FEPE RADIO FP-1383RLS,8000,
FEPE RADIO FP-1510U/FP-1511U,2700,
FEPE RADIO FP-1510US/FP-1515US,3750,
FEPE RADIO FP-1515BT,3250,
FEPE RADIO FP-1515US / 1516US,3250,
FEPE RADIO FP-1519U,2250,
FEPE RADIO FP-1521ULS,10500,
FEPE RADIO FP-1523ULS,10500,
FEPE RADIO FP-1525US,4000,
FEPE RADIO FP-1618ULS,4500,
FEPE RADIO FP-1619U / 1620U,2800,
FEPE RADIO FP-1619US/FP-1620US/FP-1621US/FP-1622US,11000,
FEPE RADIO FP-1620US/FP-1619US/FP-1621US/FP-1622US,4000,
FEPE RADIO FP-1623ULS,12000,
FEPE RADIO FP-1628U/FP-1627U,3500,
FEPE RADIO FP-1629ULS/FP-1630ULS,11000,
FEPE RADIO FP-1630ULS/FP-1629ULS,11000,
FEPE RADIO FP-1771ULSBT,10000,
FEPE RADIO FP-1777US,4000,
FEPE RADIO FP-1782ULSBT,20000,
FEPE RADIO FP-1783BT,5000,
FEPE RADIO FP-1783BTS,6000,
FEPE RADIO FP-1788U/ FP-1789U,4500,
FEPE RADIO FP-1788ULS / FP-1789ULS /,5500,
FEPE RADIO FP-1820R,3500,
FEPE RADIO FP-1821U,4250,
FEPE RADIO FP-1822ULS-BT,10000,
FEPE RADIO FP-1831U,4250,
FEPE RADIO FP-1935U/ 1936U/ 1937U/ 1938U/ 1939U,4250,
FEPE RADIO FP-1972U/ FP-1973U-FP-1975U,4000,
FEPE RADIO FP-2188URR / BS-2188URR,15000,
FEPE RADIO FP-23-S,4000,
FEPE RADIO FP-251U-S / FP-252U-S,4000,
FEPE RADIO FP-259BT-S,4500,
FEPE RADIO FP-260BT-S,4500,
FEPE RADIO FP-267-S,9000,
FEPE RADIO FP-267-S-L,10000,
FEPE RADIO FP-272BT-S / FP-273BT-S,6000,
FEPE RADIO FP-30,3750,
FEPE RADIO FP-31,4500,
FEPE RADIO FP-31-S,5500,
FEPE RADIO FP-55-S,3750,
FEPE RADIO FP-8003BT-S/FP-8005BT-S,8500,
FEPE RADIO FP-8005BT / FP-8003BT,7500,
FEPE RADIO FP-8007BT,8500,
FEPE RADIO FP-8011BT,18000,
FEPE RADIO FP-8011ULS-BT,19000,
FEPE RADIO FP-8011ULS-BT-M,21000,
FEPE RADIO FP-8020BT,7500,
FEPE RADIO FP-9003BT / FP-9005BT,11000,
FEPE RADIO FP-9006BT-S / FP-9007BT-S,4500,
FEPE RADIO FP-9010BT-S,5250,
FEPE RADIO FP-9015BT,8500,
FEPE RADIO FP-91-S,4000,
FEPE RADIO FP-92-S,4000,
FEPE RADIO FP-95-S,3750,
FEPE RADIO FP-96-S,3750,
RADIO FERVENT FR-181U,2800,
F&T RADIO FT-022UAR/023UT,3750,
JOC RADIO  H011USB / H1011USB/ H1033USB/ H555USB,2000,
RADIO H-110SUR,2500,
JOC RADIO H110SUR / H220SUR / H440SUR,2500,
JOC RADIO H168BT,4500,
JOC RADIO MP3+BT H1901BT/H1903BT/H1904BT,2250,
JOC RADIO MP3 H1918BT/ H1928BT/ H1938BT,6000,
BAFLE SPEAKER BLUETOOTH H207P,4500,
SHILE BAFFLE BLUETOOTH H-810,2500,
SPEAKER BAFFLE BLUETOOTH MP3 +FM  H955,2500,
RADIO H966/H-966,2500,
SPEAKER BLUETOOTH MP3 +FM  HDY-N11i/n11,2250,
H@F HAF RADIO BLUETOOTH HF-U5,3000,
NNS STAR RADIO HN-0371UAR / HN-037UAR,5000,
RADIO FSISOLAR HAONING HN-1320LS / FS-1320LS,6000,
MULTIMEDIA BAFFLE BLUETOOTH HS-008,6500,
RADIO HY-02,12000,
RADIO BLUETOOTH + MP3 HY-30,4750,
RADIO ICF-24BT,4750,
RADIO ICF-25BT,4750,
GOLON RADIO ICF-29,4500,
RADIO ICF-F10S,4000,
NAKIYA RADIO ICF-F18BTS/ ICF-F19BTS,4000,
RADIO ICF-F18S,3750,
ISONYQ RADIO IS-S2232 LG / IS-S3312 STAR,10500,
ISOLAR RADIO BLUETOOTH IS-X12,3750,
ISOLAR RADIO BLUETOOTH IS-X13,4000,
ISOLAR RADIO BLUETOOTH IS-X15,3750,
ISOLAR RADIO BLUETOOTH IS-X17,2750,
ISOLAR RADIO BLUETOOTH IS-X18,2750,
ISOLAR RADIO BLUETOOTH IS-X23 / IS-X24,2250,
RADIO BLUETOOTH J23,2750,
JBL BAFLE BLUETOOTH PM 2017 / 2018,7000,
SPEAKER BAFFLE BLUETOOTH JC-176,7000,
SPEAKER BAFFLE BLUETOOTH JC-188,8000,
JUNCDA RADIO JC-2222UR,4500,
RADIO KH-68/KH-69,5500,
SPEAKER KH-J01/ KH-J02,5000,
SPEAKER BLUETOOTH WIRELESS L101,3000,
SPEAKER BLUETOOTH LP-V1,3500,
SPEAKER BLUETOOTH LP-V13 /,4000,
SPEAKER BLUETOOTH WIRELESS LP-V16,4000,
SPEAKER BLUETOOTH WIRELESS LP-V9S,4500,
SPEAKER BLUETOOTH WIRELESS LP-V9 SUN,4500,
MEIER RADIO MP3+USB M-200U/M-202U,3250,
MEIER RADIO MP3+BLUETOOTH M-1173BT/ M-1175BT,5500,
MEIER RADIO MP3+BLUETOOTH M-1176BT/ M-1177BT,5500,
MEIER RADIO M-132U/M-131U/M-133U,3000,
MEIER RADIO MP3+USB M-170U/M-171U,5000,
RADIO MERANDO MB-125BT,2500,
RADIO MERANDO MB-126BT,2500,
RADIO MERANDO MBV-031,2250,
RADIO BILLBOARD MEN-854,3500,
RADIO ML-23U/ML-55U,5500,
SPEAKER BAFFLE BLUETOOTH MP3 +FM  ML-85U,4000,
MQ RADIO MQ-2020 / 2021 / 2022 / 2023,2500,
MQ RADIO MQ-301,2500,
MQ RADIO MQ-601,3000,
RADIO MEGARDE  MS-R1168,2000,
RADIO MEIER MU-040/MU-041,5000,
RADIO MEIER MU-103/MU106/MU107,5000,
RADIO MEIER MU-116/MU-117/MU-118/MU-119,3250,
RADIO MEIER MU-57,2500,
SPEAKER BLUETOOTH MP3 +FM  MY551,9000,
RADIO NATIONAL N98,2700,
NEWRIXING BAFFLE SPEAKER BLUETOOTH NR-1000,10000,
NEWRIXING BAFFLE SPEAKER BLUETOOTH NR-1017,3500,
NEWRIXING BAFFLE SPEAKER BLUETOOTH NR-1500,5000,
NEWRIXING RADIO NR-2013 / NR-2013FMB,4000,
NEWRIXING BAFFLE SPEAKER BLUETOOTH NR-2015,6000,
NEWRIXING BAFFLE SPEAKER BLUETOOTH NR-2017,6000,
NEWRIXING BAFFLE SPEAKER BLUETOOTH NR-2018,7500,
NEWRIXING BAFFLE SPEAKER BLUETOOTH NR-2019,3500,
NEWRIXING BAFFLE SPEAKER BLUETOOTH NR-2020,3500,
NEWRIXING BAFFLE SPEAKER BLUETOOTH NR-2021/ NR-2022/ NR-2023,3750,
NEWRIXING BAFFLE SPEAKER BLUETOOTH NR-2025,4000,
NEWRIXING BAFFLE SPEAKER BLUETOOTH NR-2026,4000,
NEWRIXING BAFFLE SPEAKER BLUETOOTH NR-3000,5500,
NEWRIXING BAFFLE SPEAKER BLUETOOTH NR-3015,4000,
NEWRISING BAFFLE SPEAKER BLUETOOTH NR-3016,3500,
NEWRIXING BAFFLE SPEAKER BLUETOOTH NR-3018,4500,
NEWRIXING BAFFLE SPEAKER BLUETOOTH NR-3019,4500,
NEWRIXING BAFFLE SPEAKER BLUETOOTH NR-3020,3500,
NEWRIXING BAFFLE SPEAKER BLUETOOTH NR-3500,8500,
NEWRIXING BAFFLE SPEAKER BLUETOOTH NR-4000,6000,
NEWRIXING BAFFLE SPEAKER BLUETOOTH NR-4011,3750,
NEWRIXING RADIO USB+BT NR-4014,5000,
NEWRIXING RADIO MP3+BT NR-4015,6000,
NEWRIXING RADIO USB +MP3+BT NR-4016,4250,
NEWRIXING BAFFLE SPEAKER BLUETOOTH NR-4016A,3750,
NEWRIXING BAFFLE SPEAKER BLUETOOTH NR-4017,6000,
NEWRIXING BAFFLE SPEAKER BLUETOOTH NR-4018,4500,
NEWRIXING BAFFLE SPEAKER BLUETOOTH NR-4019,3500,
NEWRIXING BAFFLE SPEAKER BLUETOOTH NR-4020,4500,
NEWRIXING BAFFLE SPEAKER BLUETOOTH NR-5000,6500,
NEWRIXING BAFFLE SPEAKER BLUETOOTH NR-5012,3500,
NNS RADIO NR-S8,3500,
NNS RADIO NS-013U,5750,
NNS RADIO NS-017U/NS-018U,2250,
NNS RADIO NS-018U/NS-017U,2250,
NNS RADIO NS-0371UAR,7000,6250
NNS RADIO NS-037UAR,6500,6250
NNS RADIO NS-1317U,3500,
NNS RADIO NS-1321LS/ NS-1322LS,6000,
NNS RADIO NS-1327U,4000,
NNS RADIO NS-1328U/NS-1329U,2500,
NNS NS-1350U,2400,
NNS RADIO NS-1360S/NS-1361S,4500,
NNS RADIO NS-1362BT,15000,
NNS RADIO NS-1363FU,3500,
NNS RADIO NS-1386BT,6000,
NNS RADIO NS-1388BT/NS-1389BT,24000,
NNS RADIO NS-1397BT,22000,
NNS RADIO NS-1515U/NS-1513U,3750,
NNS RADIO NS-1517U,4000,
NNS RADIO NS-1521S,3750,
NNS RADIO NS-1522BTLS,12000,
NNS RADIO NS-1523BTLS,10500,
NNS RADIO NS-1525BTLS,11000,
NNS RADIO NS-1533LS,7000,
NNS RADIO NS-1552LS,7500,
NNS RADIO NS-1553LS,7500,
NNS RADIO + BT NS-1572BT,4250,
NNS RADIO + BT NS-1573BT,5000,
NNS RADIO NS-1575L,5500,
NNS RADIO NS-1583BTS,5250,
NNS RADIO NS-1585BTS,5250,
NNS RADIO NS-1591BTS / NS-1592BTS,5250,
NNS RADIO NS-1592BTS,5250,
NNS RADIO NS-2033S,4250,
NNS RADIO NS-206U,4250,
NNS RADIO NS-2323S,5000,
NNS RADIO NS-251U,4500,
NNS RADIO NS-262U,4250,
NNS RADIO NS-268TT,2500,
NNS RADIO NS-273U,4500,
NNS RADIO NS-286BT,4500,
NNS RADIO NS-292FU,3500,
NNS RADIO NS-296FU,3500,
NNS RADIO NS-307UREC/NS-308UREC,3500,
NNS RADIO NS-308UREC/NS-307UREC,3500,
NNS RADIO NS-313U,4000,
NNS RADIO NS-7676UM,3000,
NNS RADIO NS-998S,4000,
NNS RADIO NS-F10U/ NS-F18U,5000,
NNS RADIO NS-Q18BT/ NS-Q19BT,7000,
NNS RADIO NS-Q1S,8000,
NNS RADIO NS-Q22LS,6500,
NNS RADIO NS-Q1S / NS-Q2S,8000,
NNS RADIO NS-Q32U,3500,3300
NNS RADIO NS-Q33U/ NS-Q35U,3500,3300
NNS RADIO NS-Q39,7000,
NNS RADIO NS-Q57BT,8000,
NNS RADIO NS-Q62,4500,
NNS RADIO NS-Q66,4000,
NNS RADIO NS-Q85BT / NS-Q86BT /,4750,
NNS RADIO NS-Q87S/ NS-Q88S,6750,
NNS RADIO NS-Q95S /,6750,
NNS RADIO NS-Q98BT,5000,
NNS RADIO NS-S10,4500,
NNS RADIO NS-S100S,4000,
NNS RADIO NS-S110S,4750,
NNS RADIO NS-S115S,4750,
NNS RADIO NS-S117S,4250,
NNS RADIO NS-S120S,6250,
NNS RADIO NS-S123S,4000,
NNS RADIO NS-S125S,4250,
NNS RADIO NS-S126S,4000,
NNS RADIO NS-S127S,4250,
NNS RADIO NS-S132S,3500,
NNS RADIO NS-S133S,4000,
NNS RADIO NS-S135S,3250,
NNS RADIO NS-S136S,3500,
NNS RADIO NS-S139SL,5500,
NNS RADIO NS-S152S,4000,
NNS RADIO NS-S156S,4250,
NNS RADIO NS-S157,7000,
NNS RADIO NS-S158,7000,
NNS RADIO NS-S15S,4500,
NNS RADIO NS-S160S,4750,
NNS RADIO NS-S170S,4500,
NNS RADIO NS-S171S,4000,
NNS RADIO NS-S175S,4000,
NNS RADIO NS-S179S,4000,
NNS RADIO NS-S180S,4250,
NNS RADIO NS-S193S,4000,
NNS RADIO NS-S195S,4000,
NNS RADIO NS-S198S,6000,
NNS RADIO NS-S205,9000,
NNS RADIO NS-S217S,4000,
NNS RADIO NS-S218S,4000,
NNS RADIO NS-S3,4500,
NNS RADIO NS-S51S,3250,
NNS RADIO NS-S52S,4500,
NNS RADIO NS-S68,4750,
NNS RADIO NS-S69,4000,
NNS RADIO NS-S7,3500,
NNS RADIO NS-S72S,4250,
NNS RADIO NS-S75S,3500,
NNS RADIO NS-S8A /NS-S8/ NS-S8S,3500,
NNS RADIO NS-S86S,5000,
NNS RADIO NS-S87S,5500,
NNS RADIO NS-S97S,3750,
NNS RADIO NS-S992,4000,
NNS RADIO NS-S99S,5750,
RADIO MINI SPEAKER WIRELESS P108,3000,
PROFIT BAFLE WIRELESS SPEAKER + BT P-201 / P-202,6000,
SONICA RADIO PR-3060USBR,5500,
PEARL RINER RADIO PR-3080USB-R,5500,
SLT RADIO PR-837,4500,
SLT RADIO PR-855 /,5000,
SLT RADIO PR-855U,5500,
SLT RADIO PR-888,5000,
RADIO PUXING PX-06IR,3500,
RADIO PUXING PX-126MIC,12000,
RADIO PUXING PX-128MIC,12000,
RADIO PUXING PX-13UR,3500,
RADIO PUXING PX-1617U/PX-1622U/PX-1623U/R-1624U,3000,
RADIO PUXING USB+MP3+BT PX-1627IR,5500,
RADIO PUXING MP3+USB+BT PX-1628IR/PX-1627IR,5500,
RADIO PUXING PX-2005IR/PX-2006IR,8000,
RADIO PUXING PX-2188REC/ PX-2189REC,16000,
RADIO PUXING PX-248LED,4250,
RADIO PUXING PX-249LED,4250,
RADIO PUXING PX-2511BT,4000,
RADIO PUXING PX-2512BT/PX-2513BT,4000,
RADIO PUXING PX-2513BT/PX-2512BT,4000,
RADIO PUXING MP3+BT PX-2523BT,4500,
RADIO PUXING USB + MP3+BT PX-2528BT,5000,
RADIO PUXING USB+MP3+BT PX-2815BT/ PX-2816BT,6000,
RADIO PUXING USB + MP3+BT PX-2818BT,6000,
RADIO PUXING PX-2836LED,6500,
RADIO PUXING PX293LED/PX-295LED/PX-297LED/PX-301LED,3500,
RADIO PUXING PX-319LED,4000,
RADIO PUXING PX-320LED/319led,4000,
RADIO PUXING PX-346LED,3500,
RADIO PUXING PX-423/ PX-422,3500,
GOLON RADIO QR-518UAR,4000,
GOLON RADIO QR-518UAR/QR008UAR,4000,
TROLLEY BAFLE QS-803/ QS-801,17500,
GOLON RADIO R10BTS / R12BTS / R18BTS,4250,
RAISENG RADIO R-1359UTS,4000,
RSDO RADIO BLUETOOTH RD 053U UBT,6000,
RSDO RADIO USB + MP3+BT RD-057BT,5500,
RSDO RADIO BLUETOOTH RD-10UBT,3750,
RSDO RADIO BLUETOOTH RD-111UBT/ RD-112UBT,4250,
RSDO RADIO BLUETOOTH RD-12UBT/ RD-13UBT,4000,
RSDO RADIO BLUETOOTH RD-15UBT,3750,
RSDO RADIO BLUETOOTH RD-22-S,2500,
RSDO RADIO BLUETOOTH RD-28UBT,4000,
RADIO NAKIYA RF-218,4000,
RADIO NAKIYA RF-321,3000,
RADIO NAKIYA RF-390/ RF-391,3000,
RADIO NAKIYA RF-603AC,3750,
RADIO NAKIYA RF-605AC,3750,
RADIO NAKIYA RF-k7BT karaoke micro,8000,
RRS RADIO MP3+BT RS-615BTS,3750,
RRS RADIO MP3+BT RS-666BTS,4500,
RRS RADIO MP3+BT RS-675BTS,3750,
PANARISING RADIO RS-9803,2300,
GOLON RADIO RX-002UAR/RX-9933UAR,5000,
GOLON RADIO RX-013UAR,4000,
GOLON RADIO RX-1066BTL,10000,
GOLON RADIO RX-1067,3500,
GOLON RADIO RX-12BT,4500,
GOLON RADIO RX-1405,3250,
GOLON RADIO RX-1417,3000,
GOLON RADIO RX-166LED,3750,
GOLON RADIO USB + BLUETOOTH RX-1801BT,5000,
GOLON RADIO RX-1820BT,3000,
GOLON RADIO BLUETOOTH RX-1829BT,6500,
GOLON RADIO BLUETOOTH RX-1866BTL,7500,
GOLON RADIO BLUETOOTH RX-1888BT,7500,
GOLON RADIO RX-1906BQLS,15000,
GOLON RADIO RX-2006/RX-2005/RX-2007,3750,
GOLON RADIO RX-2007/RX-2006,4500,
GOLON RADIO USB BLUETOOTH RX-200BT / RX-210BT /,3500,
GOLON RADIO RX-201,4750,
GOLON RADIO RX-2019BT / RX-2018BT,9000,
GOLON RADIO RX-321,3000,
GOLON RADIO RX-333,4750,6000
GOLON RADIO RX-3333UAR,4000,
GOLON RADIO RX-362URT,6000,
GOLON RADIO RX-371,3500,
GOLON RADIO RX371BT,3750,
GOLON RADIO RX-377 / RX-918,3000,
GOLON RADIO RX-3806,11000,
GOLON RADIO RX-455,5000,
GOLON RADIO RX-498LS,7000,
GOLON RADIO RX-6030 / RX-6031,3000,
GOLON RADIO RX-626S/ RX-636S,6500,
GOLON RADIO RX-638BT/RX-628BT/RX-618BT/RX-658BT,9000,
GOLON RADIO RX-868BT/ 678BT / RX-888BT,4000,
GOLON RADIO RX-878BT,4000,
GOLON RADIO RX-888AC,3000,
GOLON RADIO RX-889,5000,
GOLON RADIO RX-978BT/ RX-BT978S,4750,
GOLON RADIO USB BLUETOOTH RX-A199BT /,9000,
GOLON RADIO RX-BT170S / RX-BT160S,7500,
GOLON RADIO RX-BT180S / SOLAIRE,5500,
GOLON RADIO RX-BT190S /,5000,
GOLON RADIO RX-BT2020S,5250,
GOLON RADIO RX-BT204L / RX-BT205L /,4250,
GOLON RADIO RX-BT204LS / RX-BT205LS /,4500,
GOLON RADIO RX-BT26S,5000,
GOLON RADIO RX-BT27LS,4750,
GOLON RADIO RX-BT28S / RX-BT29S,4250,
GOLON RADIO RX-BT31S,3500,
GOLON RADIO RX-BT32S / RX-BT33S,5000,
GOLON RADIO RX-BT39MIC,4000,
GOLON RADIO RX-BT43LS / RX-BT45LS /RX- BT46LS / RX-BT47LS /,3500,
GOLON RADIO RX-BT48LS,3750,
GOLON RADIO RX-BT692LED / RX-BT691LED / RX-BT693LED,4250,
GOLON RADIO RX-BT83S / SOLAIRE,5250,
GOLON RADIO RX-BT86LS / SOLAIRE,4500,
GOLON RADIO RX-BT89SQ / SOLAIRE,7500,
GOLON RADIO RX-C3BTS,3500,
GOLON RADIO RX-M25,4250,
GOLON RADIO USB RX-M70 / RX-M70BT,4500,
GOLON RADIO USB BLUETOOTH RX-S01BTD,4000,
GOLON RADIO USB +BLUETOOTH RX-S02BT,4250,
GOLON RADIO USB BLUETOOTH RX-S05BTS / RX-S06BTS /,4000,
GOLON RADIO RX-S2618BTS,3750,3500
GOLON RADIO USB BLUETOOTH RX-S310BT,4000,
GOLON RADIO USB BLUETOOTH RX-S332BT,3750,
GOLON RADIO RX-S60BDS / SOLAIRE,3500,
GOLON RADIO RX-S61BTS / SOLAIRE,3500,
GOLON RADIO RX-S9BTS / RX-S8BT,3500,
GOLON RADIO RX-X8BTS / RX-X7BTS /,4500,
RADIO MUTIMEDIA USB+BLUETOOTH MODEL-S6,4000,
RADIO MP4 MPGE4 + ECRAN TTS NNF SG-555 /,8000,
RADIO MP4 MPGE4 + ECRAN TTS NNF SG-888,10500,
SOUNDMAN RADIO SM-271,2500,
SONNARA RADIO+MP3 SN-1313UAT/SN-1314UAT,2800,
SONNARA RADIO+MP3 SN-1322ULS/BT,6000,
SOINER RADIO SN-2013 / SN-2014 / SN-2015,4000,
SONNARA RADIO+MP3 SN-2042BTS,3500,
PANARISING RADIO SP-263,2000,
GOLDYIP RADIO SP-293,2250,
RADIO MP4 MPGE4 + ECRAN TTS NNF SP-518,6000,
SONISONG RADIO + MP3 DETACHABLE /FP-100R / SS-169BT,17000,
SONATER RADIO ST-19UR/ST-20UR,3250,
SONATER RADIO ST-20UR/ST-19UR,3500,
RADIO USB +MP3 SPEAKER T2 / Q106,2750,
RADIO BT T-2319A,3250,
TVCTO RADIO TC-251BT / TC-252BT,4250,
TVCTO RADIO TC-F10BT / TC-F12BT,4000,4500
SPEAKER BLUETOOTH TG-188,5750,5500
JOC RADIO TGK-167BTS,4000,
RADIO AUTO USB BT+POSE PORTABLE 7509 / 7510 / 7511 / SONASHI,7500,7000
SPEAKER BLUETOOTH WIRELESS SUPER BASS LP-V12 /,4000,
KCR RADIO BLUETOOTH V13,3250,
SPEAKER BLUETOOTH WIRELESS SUPER BASS LP-V6,5250,
SPEAKER BLUETOOTH + MP3 LP-V8 SUN,4500,
SPEAKER BLUETOOTH WIRELESS KC-V9/ LP-V9,4500,
VIVOS RADIO VI-2100/ VI-2103,10500,
VXR RADIO VX-031/VX-032/VX-033/VX-034/VX-035/VX-036,4250,
VXR RADIO VX031LS,5250,
VXR RADIO VX-031SL/VX-033SL/VX-035LS,5500,
VXR RADIO VX-031TUF,4250,
VXR RADIO VX-035U,4250,
VXR RADIO VX-049/VX-050,4750,
VXR RADIO VX-050/VX-049,4750,
VXR RADIO VX-12U,3750,
VXR RADIO VX-19U,3750,
VXR RADIO VX-22U/VX23U/VX-24U,3750,
VXR RADIO VX-317U/VX318U/VX-319U/VX-320U,4000,
VXR RADIO VX-321U,4250,
VXR RADIO VX-322U/VX-323U/VX-324U,4250,
VXR RADIO VX-324,6000,
VXR RADIO VX-32ULS,6000,
VXR RADIO VX-329/VX-328/VX-327,4500,
VXR RADIO VX-330U/VX-331U/VX-332U/VX-333,4000,
VXR RADIO VX-331/VX-330U/VX-332U/VX333,4000,
VXR RADIO VX-334/VX-335/VX336,4250,
VXR RADIO VX-335/VX-334/VX-336,4250,
VXR RADIO VX-337/VX-338U,5000,
VXR RADIO VX-340US / VX-341US,7000,
VXR RADIO VX-343,6500,
VXR RADIO VX360/VX359,4250,
WIJH RADIO WJ-187BT,1500,
WINJOIN RADIO WJ-C2,10000,
WSTER RADIO WS-1037,8500,8000
WSTER RADIO WS-1820,5000,
BAFLE SPEAKER BLUETOOTH X-33,4250,
RADIO WAXIBA USB+BLUETOOTH XB-017BT,2250,
RADIO WAXIMA XB-1041URT/XB-1042URT/XB-1043URT,6000,
RADIO WAXIBA XB-1053US /XB-1054US /XB-1055US / XB-1051US,6500,
RADIO WAXIBA XB-109/XB-108/XB-106,1800,
RADIO WAXIBA XB-1213USL,5000,
RADIO WAXIBA USB +MP3 XB-1910UDR,5500,
RADIO WAXIBA USB +MP3 XB-1920UDR,5500,
RADIO WAXIBA XB202URT,4250,
RADIO WAXIBA XB-2054ULS,8000,
RADIO WAXIBA XB-206URT/XB-07URT/XB-208URT,4250,
RADIO WAXIBA XB-207URS,5250,
RADIO WAXIBA XB-209URS,5200,
RADIO WAXIBA USB XB-321URT,4000,
RADIO WAXIBA XB-324URT,2800,
RADIO WAXIBA XB-362URT/361URT,6000,
RADIO WAXIBA XB-371/372 / XB-371URT/372URT,6250,
RADIO WAXIBA XB-391URT/ XB-392URT,4500,
RADIO WAXIBA XB-401URT/XB-402URT,4000,
RADIO WAXIBA XB-414URT/XB-415URT/XB416URT,4250,
RADIO WAXIBA XB-4513ULS/XB4515ULS/XB-4543USL,5500,
RADIO WAXIBA XB-471URT/XB-472URT/XB473URT,4500,
RADIO WAXIBA XB472URT/XB471URT/XB473URT,4500,
RADIO WAXIBA XB473URT/XB472URT/XB471URT,4500,
RADIO WAXIBA XB-524U-S,3500,
RADIO WAXIBA XB-563URT/XB-562URT,3500,
RADIO WAXIBA USB+MP3 XB-601URT/XB-602URT,3000,
RADIO WAXIBA XB-611U,6000,
RADIO WAXIBA XB-612U,6500,
RADIO WAXIBA XB-621BT/ XB-624BT,6000,
RADIO WAXIBA XB-62URT/XB-63URT/XB-64URT,3000,
RADIO WAXIBA XB-682URT / XB-682BT,4500,
RADIO WAXIBA XB-691USL/ XB-691U-S-L,5500,
RADIO WAXIBA XB-694U-S,5000,
RADIO WAXIBA XB-751BT,3500,
RADIO WAXIBA XB-995USL/ XB-995ULS,5000,
SPEAKER BAFFLE BLUETOOTH  Y-38,10000,
RADIO YUEGAN YG-007,2000,
RADIO YUEGAN YG-010/YG-022,2200,
RADIO YUEGAN YG-012,2750,
RADIO YUEGAN YG-013,2750,
RADIO YUEGAN YG-015,2750,
RADIO YUEGAN YG-031SL,5000,
RADIO YUEGAN YG-033/YG-031/YG-034/YG-035/YG-036,3750,
RADIO YUEGAN YG-035UA,5000,
RADIO YUEGAN YG-036UA/YG-037UA,5000,
RADIO YUEGAN YG-1053S/YG1054S,6500,
RADIO YUEGAN YG-1337ULS/YG-1338ULS,5250,
RADIO YUEGAN YG-161URT,4000,
RADIO YUEGAN YG-162URT,4250,
RADIO YUEGAN YG-163URT,4000,
RADIO YUEGAN YG-164URT,4000,
RADIO YUEGAN YG-165URT,4000,
RADIO YUEGAN YG-166URT,4000,
RADIO YUEGAN YG-2017UDL,2250,
RADIO YUEGAN YG-207UDL,2250,
RADIO YUEGAN YG-221LD/YG-222LD,2250,
RADIO YUEGAN USB +MP3+BT YG-2306BT / 2304BT / 2305BT,3000,
RADIO YUEGAN YG-2601URT/ YG-2602URT,3000,
RADIO YUEGAN YG-268,2750,
RADIO YUEGAN YG-321/YG-322,2250,
RADIO YUEGAN YG-324,2250,
RADIO YUEGAN YG-371URT/YG-372URT,5500,
RADIO YUEGAN YG-7371URT,6000,
RADIO YUEGAN YG-74/YG-75,2000,
RADIO YUEGAN YG-321TY,4250,
RADIO YUEGAN YG-821US / YG-823US / YG-826US /,4250,
RADIO YUEGAN YG-825TY,4250,
RADIO YUEGAN YG-825UT,3750,
RADIO YUEGAN YG-851US / YG-852US,4000,
RADIO YUEGAN YG-90BT,3500,
RADIO YUEGAN YG-91,2250,
RADIO YUEGAN MP3+BT YG-91BT,3500,
RADIO YUEGAN YG-9912/YG-9913,4500,
RADIO YUEGAN YG-9913/YGYG-9912,4500,
RADIO YUMO YM-165/YM-166/YM-167/YM-168,3000,
RADIO YUMO YM-166/YM-165/YM-167/YM-168,3000,
RADIO YS-138 / YS-128,3500,
NNS RADIO NS-2730S,5500,
RADIO YUEGAN YG-251US,4500,
NEWRIXING BAFFLE SPEAKER NR-B6FMD,3750,
ROMIS RADIO BLUETOOTH RM-S610,4250,
NEWRIXING MINI BAFFLE SPEAKER BT + MICRO NRG-3301A,5500,
NNS RADIO NS-A5PB,2250,
ISOLAR RADIO BLUETOOTH IS-X32,2500,
NNS RADIO NS-8060BT / NS-8061BT,4000,
H@F HAF RADIO BLUETOOTH HF-F916SUN,4600,4250
NNS RADIO NS-111S,3000,
NNS RADIO NS-555S,2500,
NNS RADIO NS-666S,2500,
RADIO PUXING PX-92BT,4000,
RADIO YUEGAN YG-FQ22URT,3000,
RADIO YUEGAN YG-FQ22US,3250,
H@F HAF RADIO BLUETOOTH HF-F311,5000,4000
NNS RADIO NS-3366S,0,3000
NNS RADIO NS-777S,0,3000
NNS RADIO NS-8157S,0,2300
NNS RADIO NS-8158S,0,2300
NNS RADIO NS-8159S,0,4000
NNS RADIO NS-8167S-S,0,2750
GOLON RADIO RX-333BT,0,6500
GOLON RADIO RX-3040 / RX-3050 / RX-3060,0,2800
GOLON RADIO RX-BT3040S / RX-BT3050S / RX-BT3060S,0,3750
GOLON RADIO RX-BT169S,0,4500
GOLON RADIO RX-BT499V,0,2300
GOLON RADIO RX-BT499VS,0,2500
NAKIYA RADIO RX-2332BTS / RX-2333BTS,0,3750
BIDELLU RADIO BLUETOOTH BDL-166,0,3500
SPEAKER BLUETOOTH WIRELESS SY-999,0,4000
H@F HAF RADIO BLUETOOTH HF-F31,0,3500
H@F HAF RADIO BLUETOOTH HF-F16,0,3750
H@F HAF RADIO BLUETOOTH HF-F36,0,3750
H@F HAF RADIO BLUETOOTH HF-F39,0,3500
LOVEYIN RADIO BLUETOOTH AI-F01,0,3750
GZC RADIO BLUETOOTH DG16,0,3500
NAIDI RADIO BLUETOOTH L51,0,
LP RADIO BLUETOOTH LP-V58,0,3750
BIDELLU RADIO BLUETOOTH BDL-168,0,3400
TIROLL SAC 1717 / 1718 / 1715,10000,9500
TIROLL SAC 3530  GRAND FORMA,30000,
LIGHT-18FM /LED MAGIC BALL LAMPE,5000,
LAMP GG-8855,3250,
LAMP GG-8866,3000,
LAMP GG-8877,2500,
GOLDEN ROAD PANNEAU SOLAIRE GR-020,1800,
GOLDEN R PANN SOLAIRE GR-028/ GR-028USB Lamp Led+ Cable USB /,1900,
KINGSLITE LAMP SOLAIRE LED RECHARGEABLE 1W KB7002A-SP,2000,
NNS RADIO NS-Q51BT,4500,
LONEN TORCHE SOLAIRE LED RECHARGEABLE SP01-09,1800,1700
LONEN TORCHE SOLAIRE LED RECHARGEABLE SP01-21,0,2800
LAMPE SOLAIRE LIGHT XF-7785,2750,
LAMPE SOLAIRE LIGHT XF-7787,3500,
LONEN TORCHE SOLAIRE LED RECHARGEABLE SP01-42P,0,2500
LONEN TORCHE SOLAIRE LED RECHARGEABLE SP01-13S,0,1100
LONEN TORCHE SOLAIRE LED RECHARGEABLE SP01-14,0,1500
LONEN TORCHE SOLAIRE LED RECHARGEABLE SP01-15,0,1500
LONEN LAMP SOLAIRE LED RECHARGEABLE SP03-07,0,2500
LONEN TORCHE SOLAIRE LED RECHARGEABLE SP01-16PA,0,2800
LONEN TORCHE SOLAIRE LED RECHARGEABLE SP01-27,0,1300
FEIYUTECH STABILISATEUR DE CARDAN SELFIE G6MAX,0,175000
SUPPORT FRIGO / POSE FRIGO MODEL LUXURY AVEC ROUE,7500,7000
SUPPORT TV TELEVISION AMELY CP306 - CP302,3000,
"SUPPORT TV TELEVISION CP502 LED LCD PDP 32""70""",12000,
GULF STAR TV SUPPORT LCD GS-09-22T,3000,
GULF STAR SUPPORT TV LCD-10 /  LCD-10T,8000,
GULF STAR SUPPORT TV MURALE BRACKET GS-LCD-03,5000,
RSTAR SUPPORT TV LCD-05ST,4000,
GULF STAR SUPPORT TV MURALE BRACKET GS-LCD-09-46T,5000,
RSTAR SUPPORT TV GS-LCD-10F / LCD-10T,9000,
RSTAR SUPPORT TV LCD-101F,2500,
RSTAR SUPPORT TV LCD-102F,2500,
RSTAR SUPPORT TV LCD-106MT,5000,
RSTAR SUPPORT TV LCD-106SF,4000,
RSTAR SUPPORT TV LCD-201F,3500,
RSTAR SUPPORT TV LCD-202F,5000,
RSTAR SUPPORT TV LCD-20M,2500,
RSTAR SUPPORT TV LCD-38,6000,
RSTAR SUPPORT TV LCD-402F/ A61,1000,
RSTAR SUPPORT TV LCD-402T,1250,
RSTAR SUPPORT TV GS-LCD 806-1/ 806-11 STAR TRACK,5000,
RSTAR SUPPORT TV GS-LCD 806-2 / SONASHI SWB-001,7000,
RSTAR SUPPORT TV LCD 806-8,12500,
SUPPOR T TV MURALE/ WALL MOUNT LCD-905SSF,3000,
RSTAR SUPPORT TV LCD-921MF,2500,
"SUPPORT TV TELEVISION TH-115B LED LCD PDP/ 26""55""",3500,
SUPPORT VIDEO PROJECTEUR 4365 / SUPPORT PROJECTOR CEILING MOUNT,5000,
SUPPORT VIDEO PROJECTEUR GRAND MODEL PROJECTOR CEILING MOUNT,7500,
SUPPORT VIDEO PROJECTEUR /PROJECTOR CEILING MOUNT SX-A1 / SUPPORT PRO,7500,
TP-LINK SWICTH 16 PORTS GIGABIT POETL-SG1016PE,140000,
Amazon Fire HD 10 Kids 32gb Age 3ans+,130000,75000
E,75000,
LG COMMANDE ORIGINAL/TV AKB75075301,3000,
TELECOMMANDE SAMSUNG RM-L808,600,500
TELECOMMANDE SONY  RM-YD017 / RM-YA006 /RM-YA008 ORIGINAL,3000,2000
TELECOMMANDE SONY  RMT-TX300B / NETFLIX,0,700
TELECOMMANDE SKYWAVE AD-1663 / AD1663,0,600
TELECOMMANDE SHARP AQUOS,0,1000
TELECOMMANDE AMAZONE AMAZ-09,0,600
GRANDSTREAM TELEPHONE IP GXP1620/1625,35000,32500
DVD PORTABLE +TV DVD-13 POUCE,27000,
DVD PORTABLE 16 POUCE,30000,
DVD PORTABLE +TV DVD-23 POUCE,32500,
DVD PORTABLE+TV 7.8 POUCE,18000,
DVD PORTABLE +TV 9 POUCE / 10 POUCE,22000,
BECTEL TELEVISION LED 26 POUCE,52500,50000
TONER CANON-045 BLEU,20000,15000
TONER CANON-045 JAUNE,20000,15000
TONER CANON-045 NOIR,20000,15000
TONER CANON-045 ROUGE,20000,15000
TONER HP-205A BLEU/ CF531A,15000,10000
TONER HP-205A JAUNE/ CF532A,15000,10000
TONER HP-205A ROUGE/ CF533A,15000,10000
TONER HP-44A / CF-244A,7000,8000
TONER HP-117A NOIR,12500,15000
TONER HP-119A NOIR ORIGINAL,55000,50000
TONER HP-119A BLEU ORIGINAL,60000,55000
TONER HP-119A JAUNE ORIGINAL,60000,55000
TONER HP-119A ROUGE ORIGINAL,0,55000
COMAN TRIPIED CAMERA DF16L,80000,75000
JMARY TRIPIED MULTIFONCTIONNEL PORTABLE MT-33,0,8000
"VENTILO AIRFLUX MURALE AF-1602 / 16""WALL FAN",15000,
"VENTILO AIRFLUX SUR PIED AF-1673 / 16""STAND FAN",15000,
"VENTILO AIRFLUX SUR PIED AF-1801 / 18""STAND FAN",12500,12000
"AIRFLUX VENTILO AIR FLUX AF-1820 / FS-1820 18""STAND FAN",12500,12000
"VENTILO AIRFLUX SUR PIED AF-303R / 16""STAND FAN",22000,
"VENTILO AIRFLUX SUR PIED AF-856R / 16""STAND FAN",19000,
"VENTILO AIRFLUX MURALE AF-904R / 16""WALL FAN",17000,
"VENTILO AIRFLUX SUR PIED AF-940R / 16""STAND FAN",19000,
VENTILO PM CAR FAN/AUTO,3500,
VENTILO MARSHAL RECHARGEABLE CRW-1677,25000,
AIR FLUX VENTILO SOLAIRE MURALE DC-1607/ AF-DC1607,9000,
AIR FLUX VENTILO SOLAIRE SUR PIED AF-DC1619 / DC-1659,9000,
VENTILO DV-TECH SUR PIED DV-418,7500,
VENTILO RSTAR / EVERNAL RECHARGEABLE  EV-1318ER/ TK-1318ER,30000,
VENTILO RSTAR PM EV-1076,5000,
VENTILO LEADDER FAN/S1615,10000,
"VENTILO EVERNAL STAR MURALE FB60 16""WALL FAN",10000,
VENTILO RSTAR FS-1614 CROWN,8000,
VENTILO RSTAR SUR PIED FS-1676,15000,
VENTILO SONASHI FS-1676R,15000,
VENTILO LEADDER FS 1801,10000,
VENTILO BML SUR PIED FS-1821,12000,
VENTILO RSTAR FS-1856,15000,
VENTILO RSTAR SUR PIED FS-1857,12500,
JIEPAK VENTILO SOLAIRE FAN+12V JF-203F/ DC-416,8000,
JIEPAK VENTILO SOLAIRE FAN+12V JF-204F,9000,
JIEPAK VENTILO SOLAIRE FAN+12V JF-304F,10000,
JIEPAK VENTILO SOLAIRE FAN+12V JF-406F,9000,
JIEPAK VENTILO SOLAIRE MURALE FAN / WALL +12V JF-429F/DC-429,9000,
VENTILO MINI FAN JR-5500,3500,
"VENTILO MARSHAL MA-444 16""STAND FAN",7500,
VENTILO NOBEL NBF-126RCL,25000,
VENTILLO NOVA NL-765RD16 / 766RF16 / 764RF16,25000,
VENTILO NOVA NL-766RF14,25000,
VENTILO POWATRON SUR TABLE 16 INCH DESK FAN 45W,7000,
"AIRFLUX VENTILO AIR FLUX RBT-SF18G / 18""STAND FAN",12500,
VENTILO SONASHI SF-8006 AVEC TELECOMANDE,15000,
VENTILO RSTAR MURALE SF-8006W SANS CDE,11500,
VENTILO RSTAR MURALE SF-8006WR avec cde,14000,
VENTILO MURALE SONASHI SF-8007WR AVEC TELECOMANDE,17000,
VENTILO SONASHI SUR PIED SF-8025S SANS COMMANDE,18000,
VENTILO SONASHI SUR PIED SF-8027SR AVEC TELECOMANDE,20000,
VENTILO SONASHI SUR TABLE SF-8028D,15000,
VENTILO MURALE SONASHI SF-8029W SANS TELECOMANDE,15000,
VENTILO SONASHI SRF-116,27500,
"VENTILO UNIVERSAL ROYAL ST-999 16""STAND FAN",7500,
"VENTILO EVERNAL STAR SUR PIED TG-40 16""STAND FAN",11000,
"VENTILO TNT STAR TNT-724 / 18""STAND FAN 3IN1",11000,
VENTILO TNT STAR TNT-831 SUR PIED,6750,
VENTILO RSTAR SOLAIRE USDC-001,10000,
VENTILO RSTAR SOLAIRE USDC-404,9000,
VENTILO RSTAR SOLAIRE USDC-413,10000,
VENTILO SUPER CROWN USSF-1801,10000,
VENTILO SUR PIED ET SUR TABLE USSF-724,10000,
VENTILO CROWN USS F 730,6000,
"VENTILO CROWN SUR PIED USSF-952 / 18""STAND FAN",12500,
VENTILO ENFANT PM /BLEU 1000fcfa / H9 HANDY MINI FAN / PLIABLE,1000,
VENTILO VENTILO / ENFANT f08 1500fcfa/ SS-2/ F31/ MINI FANS/ SZHCM,1500,
VENTILO ENFANT/ ZERO 9 / NECKLACE FAN / SANS ELISSE / aromatherapy,3000,
VENTILO RSTAR MURALE WF-1607/ AF-1607,9000,
VENTILO MINI FAN YS-2603 / HQ-01,3000,
VENTILO AIRFLUX 10 INCH THIAT AF-922 PM,7500,
VENTILO AIRFLUX SUR PIED AF-40 / FS-40 16 INCH STAND FAN,8000,
VENTILO AIRFLUX SUR PIED AF-8315,8500,
VENTILO AIRFLUX SUR PIED AF-8502 / 16 INCH STAND FAN,12500,
"VENTILO AIRFLUX MURALE AF-8118 / 18""WALL FAN",11000,
VENTILO AIRFLUX SUR PIED AF-1822 / 18 INCH STAND FAN,13000,
VENTILO AIRFLUX SUR PIED AF-35A / FS-35 / 12 INCH STAND FAN,12000,
VENTILO AIRFLUX SUR PIED AF-1601 / 16 INCH STAND FAN,12000,
VENTILO AIRFLUX SUR PIED AF40-33 / 16 INCH STAND FAN 45W,13000,
"VENTILO POLARTEC SUR PIED PT-1618 / 16""STAND FAN",11000,
VENTILO MINI SK-892,6500,
VIDEO PROJECTEUR LED / MULTIMEDIA LED PROJECTOR S228,100000,
LOGITECH WEBCAM GROUP CC3500E,700000,600000
LOGITECH WEBCAM CC4000E,700000,600000
RAPOO WEBCAM HD 720P C260,22500,
RAPOO WEBCAM HD 720P C270L,22500,
RAPOO WEBCAM HD 720P C200,15000,
UBIQUITI UNIFI UAP-AC-M-PRO ACCESS POINT WIFI MESH PRO,,150000
TENDA EXTENDER AX3000 WIFI 6 TEN-A33,,0
BLADE CARE FOR CLIPPER BLADES 5IN1 A001,,0
CERAMAGIC QUICK HAIR CLIPPER BLADE OIL 120ML A002,,0
CLIPPER OIL A003,,0
RSCAR EPONGE POUR COIFFEUR RS-CO102,,0
RSCAR EPONGE POUR COIFFEUR RS-CO103,,0
CHARGE KIT / CHARGEUR MANETTE XBOX ONE HQ,,5000
PROTEGE ECRAN MONTRE / CADRE,,0
PROTEGE ECRAN IPHONE PRIVACY AVEC PAQUET,,0
RSCAR PAQUET POUR PROTEGE OEIL PHOTO IPHONE,,0
PROTEGE OEIL PHOTO IPHONE METAL / COULEUR,,0
ECOUTEUR NEW BLUE SPECTRUM / HF BS / VRAGUE LONG 5G/ BLANC,,500
PROTEGE ECRAN IPHONE HD AVEC PAQUET,,0
PROTEGE ECRAN IPHONE PRIVACY VRAC,,0
PROTEGE ECRAN IPHONE HD VRAC,,0
PROTEGE OEIL PHOTO IPHONE METAL / PAQUET,,0
Sony Manette PS5 Blanc Original,,47500
CONVERTISSEUR USB TO PS2 / USB PS2 PLAYER CONTROLLER LC-088,,1000
Sony Manette PS5 Couleur Original,,50000
CRYSTAL GUARD CLAVIER FOR MACBOOK 13/15 TOUCH BAR,,0
RSCAR EPONGE POUR COIFFEUR RS-CO101,,0
LED RING LIGHT LC-328,,10000
Apple AirPod 3 (WKK445G6MW),,125000
RSCAR AIRPOD RS-AP3 / CALIFORNIA DESIGN,,0
RSCAR AIRPOD RS-AI17 / CALIFORNIA DESIGN,,0
RSCAR AIRPOD RS-AI13 / CALIFORNIA DESIGN,,0
RSCAR AIRPOD RS-707 / CALIFORNIA DESIGN,,0
RSCAR AIRPOD RS-805 / CALIFORNIA DESIGN,,0
CASQUE BLUETOOTH IPHONE AIRPOD PRO 5S BLANC / RS-5S,,3750
CASQUE BLUETOOTH IPHONE AIRPOD PRO 6S BLANC / RS-6S,,3750
CASQUE BLUETOOTH IPHONE AIRPOD PRO 8S BLANC / RS-8S,,3750
SUKAM PROFESSIONAL MICROPHONE SM-4.0 4 CHANNEL UHF,,0
PROTEGE OEIL PHOTO IPHONE STRASS,,0
ZQS1456 BT SPEAKER - ZQS1457 + VENTILO - FAN,,10000
RAPOO Haut parleur omnidirectionnel BLUETOOTH CM500,,195000
SPEAKER BLUETOOTH WIRELESS CS-4403 / CS-4404 /  CS-4405,,0
MAX BAFFLE MURAL 40W / F-504D,,0
MAX BAFFLE MURAL / F-505D,,0
MAX BAFFLE MURAL / F-506D,,0
ZQS10205 MULTIMEDIA SPEAKER,,0
"SEPOMA SPEAKER BLUETOOTH WIRELESS LH-130 6.5""",,0
APPLE BATTERIE ORDINATEUR MACBOOK A1375,,25000
APPLE BATTERIE ORDINATEUR MACBOOK A1383,,30000
APPLE BATTERIE ORDINATEUR MACBOOK A1417,,35000
APPLE BATTERIE ORDINATEUR MACBOOK A1437,,30000
APPLE BATTERIE ORDINATEUR MACBOOK A1493,,40000
ASUS BATTERIE ORDINATEUR A32-U47/A42-U47,,25000
APPLE BATTERIE ORDINATEUR MACBOOK A1321,,20000
APPLE BATTERIE ORDINATEUR MACBOOK A1185,,25000
APPLE BATTERIE ORDINATEUR MACBOOK 1331,,20000
ASUS BATTERIE ORDINATEUR  G751,,15000
ASUS BATTERIE ORDINATEUR K56,,10000
ASUS BATTERIE ORDINATEUR X102B,,10000
ASUS BATTERIE ORDINATEUR X451,,10000
ASUS BATTERIE ORDINATEUR X455,,15000
DELL BATTERIE ORDINATEUR 1420,,10000
DELL BATTERIE ORDINATEUR 1435,,10000
DELL BATTERIE ORDINATEUR 1735,,10000
DELL BATTERIE ORDINATEUR 3300,,10000
DELL BATTERIE ORDINATEUR 630M/INSPIRON 630M,,10000
DELL BATTERIE ORDINATEUR 6400,,10000
DELL BATTERIE ORD E5420,,20000
DELL BATTERIE ORDINATEUR GK5KY,,25000
DELL BATTERIE ORDINATEUR MFKVP,,30000
DELL BATTERIE ORDINATEUR NNF1C,,30000
DELL BATTERIE ORDINATEUR RYXXH,,25000
IBM-LENOVO BATTERIE ORDINATEUR E320 / X131E,,20000
HP BATTERIE ORDINATEUR 2133,,10000
HP BATTERIE ORDINATEUR 3310,,10000
HP BATTERIE ORDINATEUR/4321,,10000
HP BATTERIE ORDINATEUR4510S PROBOOK 4510S,,10000
HP BATTERIE ORDINATEUR 500/,,10000
HP BATTERIE ORDINATEUR HP 510,,10000
HP BATTERIE ORDINATEUR 6530B,,10000
HP BATTERIE ORDINATEUR 8530,,15000
HP BATTERIE ORDINATEUR DM4/CQ42,,15000
HP BATTERIE ORDINATEUR DV4-5000,,10000
HP BATTERIE ORDINATEUR DV8000,,10000
HP BATTERIE ORDINATEU NP03XL,,15000
HP BATTERIE ORDINATEUR NU03XL,,20000
HP BATTERIE ORDINATEUR PA06,,20000
HP BATTERIE ORDINATEUR PF06XL,,25000
HP BATTERIE ORDINATEUR PK03XL,,25000
HP BATTERIE ORDINATEUR SB03,,20000
HP BATTERIE ORDINATEUR SR03XL,,25000
HP BATTERIE ORDINATEUR TE03XL,,20000
HP BATTERIE ORDINATEUR VR03,,25000
HP BATTERIE ORDINATEUR VT06XL,,25000
LENOVO BATTERIE ORDINATEUR V110,,20000
MSI BATTERIE ORDINATEUR BTY-M6D,,10000
IBM-LENOVO BATTERIE ORDINATEUR N100,,10000
IBM-LENOVO BATTERIE ORDINATEUR N200,,10000
IBM-LENOVO BATTERIE ORDINATEUR U330,,20000
LENOVO BATTERIE ORDINATEUR Z60T,,10000
DELL BATTERIE ORDINATEUR RDSJ / L421X,,25000
DELL BATTERIE ORDINATEUR LATITUDE D600,,10000
DELL BATTERIE ORDINATEUR F62G0,,25000
DELL BATTERIE ORDINATEUR LATITUDE XT3 6,,25000
HP BATTERIE ORDINATEUR  HP2710JW,,20000
HP BATTERIE ORDINATEUR SH03,,25000
ASUS BATTERIE ORDINATEUR U36-TY-4S2P,,20000
HDD DOCKING STATION USB 3.0,,25000
ANDROID TV STICK XS97 S3,,0
HDD DOCKING ALL IN 1 USB 3.0 SATA&SATA,,0
BOITIER DISQUE DUR SSDCASE1 USB3.0 TO NGFF M.2 LM-711N,,7500
BOITIER DISQUE DUR SSDCASE2 USB3.1 TYPE A/C TO PCI -E NVMe SSD,,15000
BOITIER DISQUE DUR SSDCASE3 USB3.0 TO M.2 (NGFF),,5000
BOITIER DISQUE DUR SSDCASE4 USB3.1 TO M.2 NVMe SSD ENCLOSURE,,15000
BOITIER DISQUE DUR SSDCASE5 USB3.1 TO PCI-E NVMe SSD ENCLOSURE,,15000
BOITIER DISQUE DUR SSDCASE6 USB3.0 TO MSATA SSD HARD DISK BOX LS-721M,,5000
BOITIER SSDCASE7 USB3.1 TO M.2 NVME OR SATA SSD ENCLOSURE,,15000
BOITIER DISQUE DUR SSDCASE9 USB3.1 TO PCI-E NVME SSD ENCLOSURE,,15000
BOITIER DISQUE DUR SSDCASE10 USB3.0 TO UX31 / UX51 / UX21,,15000
CABLE 100M /FIL BAFLE ENGINEERING SPECIAL CABLE KF 288,,18000
CABLE TELEPHONE VRAGUE V8 CORDE 1.5M MULTICOULEUR RS-CV04,,110
RS-C001 COLOR CABLE TELEPHONE vrague 3IN1 IPHONE 6 +V8 +TYPE-C 1M,,300
CABLE TELEPHONE SAMSUNG NOTE 10 RS-C003 BLANC ET NOIR,,400
CABLE ALIMENTATION PC/DESTOP 1.5M / 0.75MM2 RS-CA301,,0
CABLE ALIMENTATION PC/DESTOP 1M / 0.5MM2 RS-CA101,,0
CABLE TELEPHONE vrague RSCAR V8 RS-CV77 / BOITE,,0
CABLE TELEPHONE vrague RSCAR TYPE-C RS-CV88 / BOITE,,0
CABLE TELEPHONE vrague RSCAR IPHONE RS-CV99 / BOITE,,0
CABLE DISQUE DUR V3 NOIR HDD / BG39-00044A,,500
CABLE DISQUE DUR TYPE-C TO TYPE-C 50CM / RS-TCTC0.5M,,2000
CABLE DISQUE DUR TYPE-C TO TYPE-C 30CM / RS-TCTC0.3M,,2000
CABLE DISQUE DUR TYPE-C TO USB 3.0AM 0.3M / RS-TCUSB3.0AM0.3M,,1500
CABLE DISQUE DUR TYPE-C TO USB 3.0AF 0.2M / RS-TCUSB3.0AF0.2M,,1500
JH HDMI HDMI CABLE 1.5M / JH-HDMI1.5M,,1500
JH HDMI HDMI CABLE 10M / H-H 10M / JH-HDMI10M,,6000
JH HDMI HDMI CABLE 10M 4K / JH-H630K / JH-HDMI10M4K,,10000
JH HDMI HDMI CABLE 15M / H-H 15M / JH-HDMI15M,,12500
JH HDMI HDMI CABLE 15M 4K / JH-H630M / JH-HDMI15M4K,,15000
JH HDMI HDMI CABLE 20M / JH-HDMI20M,,17500
JH HDMI HDMI CABLE 20M 4K / JH-HDMI20M4K,,30000
JH HDMI HDMI CABLE 25M / JH-HDMI25M,,26000
JH HDMI HDMI CABLE 25M 4K / JH-HDMI25M4K,,35000
JH HDMI HDMI CABLE 30M / JH-HDMI30M,,32500
JH HDMI HDMI CABLE 30M 4K / JH-HDMI30M4K,,50000
JH HDMI HDMI CABLE 3M / JH-HDMI3M,,2500
JH HDMI HDMI CABLE 3M 4K / JH-HDMI3M4K,,3000
JH HDMI HDMI CABLE 40M / JH-HDMI40M,,45000
JH HDMI HDMI CABLE 50M / JH-HDMI50M,,70000
JH HDMI HDMI CABLE 5M / JH-HDMI5M,,3000
JH HDMI HDMI CABLE 5M 4K / JH-HDMI5M4K,,5000
JH CABLE JH HDMI TO VGA 2M JH-Z130G (0902),,5000
JH HDMI HDMI CABLE 1M / JH-HDMI1M,,1250
JH HDMI HDMI CABLE 2M / JH-HDMI2M,,1500
JH HDMI HDMI CABLE 1.8M / H-H 1.8M / JH-HDMI1.8M,,2000
JH CABLE JH USB TO RJ45 CABLE CONSOLE 1.5M NOIR / RJ45 TO USB,,4500
JH VGA VGA CABLE 1.5M / JH-VGA1.5M,,750
JH VGA VGA CABLE 10M / JH-VGA10M,,4000
JH VGA VGA CABLE 15M / JH-VGA15M,,5000
JH VGA VGA CABLE 20M / JH-VGA20M,,7000
JH VGA VGA CABLE 30M / JH-VGA30M,,10000
JH VGA VGA CABLE 3M / JH-VGA3M,,1500
JH VGA VGA CABLE 40M / JH-VGA40M,,15000
JH VGA VGA CABLE 50M / JH-VGA50M,,20000
JH VGA VGA CABLE 5M / JH-VGA5M,,2500
CSIRO CALCULATRICE M-28,,1000
CANON CALCULATRICE LS-220Hi III PLUS,,2000
TENDA OUTDOOR WIFI CAMERA TEN-CT6 2K,,0
EZVIZ SMART HOME CAMERA CS-C6N / 3MP,,32500
EZVIZ SMART HOME BATTERY CAMERA CS-EB3 / 3MP,,82500
EZVIZ SMART HOME CAMERA CS-TY1 / 4MP,,30000
EZVIZ SMART HOME BATTERY CAMERA CS-BC2 / 2MP,,52500
EZVIZ SMART HOME BATTERY CAMERA CS-BM1 / 1080P,,82500
EZVIZ SMART HOME CAMERA CS-H8C / 4MP,,52500
EZVIZ SMART HOME CAMERA CS-C8C Lite / 1080P,,47500
EZVIZ SMART HOME CAMERA CS-C6 2K+ / 4MP,,52500
EZVIZ SMART HOME CAMERA CS-H8 Pro / 5MP,,77500
EZVIZ SMART HOME BATTERY CAMERA CS-EB8 4G / 3MP,,115000
EZVIZ SMART HOME BATTERY CAMERA CS-HB8 2K+ / 4MP,,97500
EZVIZ SMART HOME BATTERY CAMERA CS-CB8 2K / 3MP,,97500
EZVIZ SMART HOME CAMERA CS-TY1/ 1080P,,25000
EZVIZ SMART HOME CAMERA CS-H3 / 5MP,,52500
EZVIZ SMART HOME CAMERA CS-C1C-B / 1080P,,25000
EZVIZ SMART HOME CAMERA CS-H6C / 4MP,,32500
SANDISK CARTE MEMOIRE SD 128GB EXTREME PRO SDXC UHS-I CARD 200MB/S,,20000
Microsoft Casque Ordinateur Sans Fil 1998,,70000
MOTOBIKE SMART CHARGER 60V20AH /48V,,15000
RSCAR CHARGEUR COCHE RS-C741 5IN1,,0
RSCAR CHARGEUR COCHE RS-C441 16IN1,,0
RSCAR CHARGEUR COCHE RS-C641 16IN1,,0
RSCAR CHARGEUR COCHE RS-C541 10USB,,0
CANON CHARGEUR NUMERIQUE LP-E6 / LC-E6,,2500
CANON CHARGEUR NUMERIQUE NB10L,,2500
ORIGINAL DELL CHARGEUR ORDINATEUR 19.5V3.34A 7.4*5.0 / 65W,,10000
CHARGEUR TELEPHONE RSCAR S6 2IN1 SACHET  RS-HCA86,,600
CHARGEUR SAMSUNG RS-HC717 BLANC 35W 2 TYPE 2 USB,,0
CHARGEUR IPHONE RS-HC718 BLANC,,0
XIAOMI TETE CHARGEUR S8/ USB-C 67W YK RS-HC675,,1600
XIAOMI CHARGEUR S8 / USB-C 67W YK RS-HC678,,1500
XIAOMI CHARGEUR S8 / USB-C 120W YK RS-HC1207,,2000
XIAOMI CHARGEUR S8 / USB-C 67W YK RS-HC674,,2000
XIAOMI CHARGEUR S8 / USB-C 33W YK RS-HC337,,1800
ADVANCE CLE USB 8GB,,2000
ADVANCE CLE USB 16GB,,2500
ADVANCE CLE USB 32GB,,3000
RSCAR CONNECTEUR RJ45 RS-RJ307 CAOUTCHOU POT DE 100pcs,,2500
RSCAR CONNECTEUR RJ45 RS-RJ607 CAOUTCHOUC SACHET DE 1000pcs,,15000
RSCAR CONNECTEUR RJ45 RS-RJ407 FER BLINDE POT DE 100pcs,,3000
RSCAR CONNECTEUR RJ45 RS-RJ507 FER BLINDE SACHET DE 1000pcs,,30000
Mini DP to HDMI Adapter / Mini Displayport to HDMI MINIDP-HD,,3000
MINI HDMI TO VGA CONVERTER WHITE MINIHD-057-WH,,3000
TYPE-C ETHERNET ADAPTER TYPE-C TO RJ45 / RS-TCRJ45 PACKING VERT,,5000
RSCAR HUB WITH ETHERNET ADAPTER / RS-USBTCRJ45+HUB,,0
CONVERTISSEUR DP TO HDMI / RS-DPHDMI,,0
ADAPTER TYPE-C TO HDTV 5 IN 1 / RS-TCHD5IN1,,0
ADAPTER TYPE-C TO HDTV 10 IN 1 / RS-TCHD10IN1,,0
ADAPTER TYPE-C TO HDMI 11 IN 1 / RS-TCHD11IN1,,0
ADAPTER TYPE-C TO HDMI 12 IN 1 / RS-TCHD12IN1,,0
HDTV EXTENDER 300M /  RS-HDEXT300M,,0
ADAPTATEUR TYPE-C TO USB / USB TO TYPE-C / RS-TCUSB,,1500
Xiaomi TV Box S 4K 2nd Gen Android TV 8.1 2Gb / 8Gb,,40000
ROKU ULTRA LT STREAMING,,75000
SONY DICTAPHONE ICD-PX470 4GB,,35000
SACHET POUR ECOUTEUR MIX COLOUR,,0
RSCAR POLY BAG RS-P11,,0
RSCAR SACHET POUR CHARGEUR / RS-P00,,0
RSCAR ECOUTEUR TELEPHONE NEW / EXTRA BASS,,750
HP Laser 135w IMPRIMANTE,,165000
MIXEUR BLENDER SET 4IN1 / JAMAKY JMK3011,,0
MIXEUR BLENDER SET 4IN1 / JAMAKY JMK3013,,0
JAMAKY AIR FRYER JMK5004,,0
JAMAKY FER A REPASSSER ELECTRIQUE JMK1002 - ROUGE,,0
JAMAKY FER A PASSER / TRAVEL DRY IRON JMK1033,,0
JAMAKY FER A REPASSER ELECTRIQUE JMK1027 - ROUGE,,0
JAMAKY FER A REPASSER ELECTRIQUE JMK1026 - ROUGE,,0
MIXEUR BLENDER 2IN1 / JAMAKY JMK4006,,0
MIXEUR BLENDER 2IN1 / JAMAKY JMK4007,,0
MIXEUR BLENDER 2IN1 / JAMAKY JMK4008,,0
MIXEUR JUICY / JAMAKY JMK4010,,0
MIXEUR BLENDER 2IN1 / JAMAKY JMK4012,,0
MIXEUR BLENDER 2IN1 / JAMAKY JMK4015,,0
DSP AIR FRYER - KB2078,,0
DSP GRILL - KB1085,,0
DSP FER A REPASSER ELECTRIQUE KD1131,,0
DSP MIXEUR BLENDER KJ2093 - BLANC,,0
DSP MIXEUR BLENDER 3IN1 KJ2131,,0
DSP CHAUFFE EAU KK1188 - BLEU,,0
DSP CHAUFFE EAU KK1189,,0
AKKO STAR SOUFFLEUR D'AIR AK-55832,,0
RSCAR MEGAPHONE RS-619U REC+MP3,,0
MEGAPHONE BARAKA BRK-619U REC+MP3+PORT CARTE+PORT USB+BLUETOOTH,,0
TENDA Routeur WiFi F6 4 Ports LAN N300 TEN-F6,,0
TENDA Routeur WiFi6 5 Ports AX1500 TEN-TX2 PRO,,0
C707 MONTRE CONNECTER SMART S8 ULTRA MAX,,8000
MONTRE CONNECTER SMART FASHION WATCH D5 M12,,18000
MONTRE CONNECTER SMART AMAX WATCH 9,,25000
RS-APP01 MONTRE CONNECTER SMART WATCH ULTRA Y16,,12000
RS-APP09 MONTRE CONNECTER SMART WATCH ULTRA Y10,,15000
RS-APP06 MONTRE CONNECTER SMART WATCH ULTRA Y10 LADY FEMME,,20000
PACKING / BOITE POUR CARTOUCHE HP-130A,,1500
PACKING POUR MONTRE STRAP BOITE DEER WATCH,,500
PACKING / SONASHI RADIO AUTO DVX/DVD/CAR RS-8199AR,,0
PACKING / SONASHI RADIO AUTO USB BT+POSE PORTABLE / RS-8188AR,,0
PACKING / SONASHI RADIO AUTO USB BT/ RS-8177AR,,0
NAIDI RADIO BLUETOOTH L51-SUN,,2500
FEPE RADIO FP-516-S,,0
FEPE RADIO FP-711BT-S,,0
FEPE RADIO FP-517-S,,0
FEPE RADIO FP-332-S-L,,0
TIROLL SAC 3530  GRAND FORMA CAMBISTE BAG,,30000
LAMP LUMINEUX SOLAIRE T-517,,0
SUPPORT TV TELEVISION AMELY CP306,,3000
SUPPORT TV TELEVISION AMELY CP302,,0
SUPPORT VIDEO PROJECTEUR 4365 CEILING MOUNT YG-65F / 65M-1M,,5000
SUPPORT VIDEO PROJECTEUR PROJECTOR CEILING MOUNT YG-300F / 3M,,12500
SUPPORT VIDEO PROJECTEUR PROJECTOR CEILING MOUNT SX-A1/ 1.2M-1.5M-2M,,7500
TP-LINK SWICTH 16 PORTS GIGABIT POE TL-SG1016PE,,140000
TELECOMMANDE SAMSUNG MI ANDROID COPY,,0
LG COMMANDE ORIGINAL/TV AKB75075301+SOURIS,,10000
DSP TONDEUSE RECHARGEABLE 90057,,0
DSP TONDEUSE RECHARGEABLE 90325,,0
DSP TONDEUSE RECHARGEABLE USB CHARGING /  90643,,0
DSP TONDEUSE RECHARGEABLE UDB CHARGING / 90350A,,0
DSP TONDEUSE RECHARGEABLE USB CHARGING /  90501,,0
DSP TONDEUSE RECHARGEABLE USB CHARGING /  90349,,0
DSP TONDEUSE RECHARGEABLE USB CHARGING /  90342,,0
DSP TONDEUSE RECHARGEABLE 90119,,0
KSFEX TONDEUSE RECHARGEABLE KF6245,,0
KSFEX TONDEUSE RECHARGEABLE KF6246,,0
TONER HP-117A ROUGE,,15000
TONER HP-117A JAUNE,,15000
TONER HP-117A BLEU,,15000
TONER CANON 069 NOIR ORIGINAL,,70000
TONER CANON 069 BLEU ORIGINAL,,75000
TONER CANON 069 JAUNE ORIGINAL,,75000
TONER CANON 069 ROUGE ORIGINAL,,75000
"VENTILO AIRFLUX MUR AF-1607 16"" WALL FAN",,0
"VENTILO SUPER CROWN SUR PIED FS-1801 / 18""STAND FAN",,10000
VENTILO AIRFLUX SUR PIED AF-8502 / 16 INCH STAND FAN + REMOTE,,13000
VENTILO AIRFLUX SUR PIED AF40-33 / 16 INCH STAND FAN AF-4033,,12500
RAPOO WEBCAM HD 720P C260S,,22500
RAPOO WEBCAM FHD 1080P C270L,,22500
RAPOO WEBCAM HD 720P C200S,,15000
RAPOO WEBCAM HD 1080P C270AF,,30000
RAPOO WEBCAM FHD 4K C500,,45000
RAPOO VIDEO CONFERENCE C1620,,360000
